id,sup,tot,ht_h,ht_a,ft_h,ft_a
0,-0.19,3.37,1,0,1,1
1,0.24,2.36,3,0,5,0
2,0.72,2.81,2,1,3,1
3,1.49,2.97,0,0,0,2
4,-0.32,2.5,1,2,1,2
5,1,2.77,2,0,2,0
6,0.62,2.63,1,0,2,0
7,0.86,3.35,1,0,2,0
8,-0.61,3.25,1,0,1,0
9,1.27,2.72,1,0,4,0
10,0.57,2.72,0,0,2,1
11,-0.1,2.51,0,0,0,1
12,0.53,2.84,0,0,3,1
13,0.83,2.74,0,0,1,2
14,-0.48,2.24,1,0,1,0
15,0.75,2.39,0,0,1,0
16,-0.22,2.45,0,1,1,3
17,0.01,2.46,0,0,0,0
18,2,2.77,1,0,2,0
19,0.82,2.54,0,0,0,0
20,0.14,2.1,0,0,0,0
21,-0.47,2.48,0,3,1,3
22,0.89,2.77,1,0,3,1
23,-0.24,2.44,0,1,1,2
24,0.26,3.34,0,0,0,0
25,0.19,2.67,0,1,1,1
26,0.46,2.34,0,0,0,1
27,-0.55,2.7,1,0,4,2
28,-0.19,2.75,3,1,3,2
29,0.8,2.22,0,0,2,0
30,0.74,2.91,1,0,2,0
31,0.22,2.63,1,0,1,0
32,0.01,2.71,0,1,1,4
33,0.39,3.05,2,0,2,1
34,-0.73,2.81,0,1,0,2
35,0.37,2.79,0,0,0,0
36,-0.62,3.08,1,0,1,1
37,1.62,3.08,4,0,5,1
38,-0.15,2.5,0,2,1,2
39,-0.42,2.49,0,1,0,2
40,0.94,3.03,1,2,4,3
41,1.12,2.86,1,0,3,0
42,-0.18,2.6,0,0,0,1
43,-0.75,3.18,0,1,0,2
44,-0.11,2.98,1,2,4,4
45,-1.15,2.33,0,0,0,0
46,-1.39,3.04,0,1,0,2
47,-0.1,2.64,1,0,2,2
48,0.41,2.83,1,0,2,0
49,-0.41,2.64,1,2,1,3
50,1.13,2.91,0,0,0,0
51,0.79,2.95,0,1,2,2
52,1.8,3.08,1,0,3,1
53,0.58,2.78,0,2,0,3
54,0.94,3.14,0,0,0,0
55,0.11,3.1,0,0,2,0
56,-0.03,2.86,0,2,4,2
57,-0.93,2.49,0,1,2,2
58,0.37,2.95,2,0,4,1
59,1.25,2.76,1,0,3,0
60,-0.05,2.67,0,3,1,6
61,1.39,3.33,0,0,3,0
62,0.19,2.71,0,0,2,1
63,0.69,2.96,2,0,3,0
64,-0.46,3.02,1,0,1,0
65,1.35,2.87,0,0,3,0
66,-2,3.34,0,1,0,5
67,-1.22,2.99,0,1,0,1
68,-1.19,2.79,0,1,1,1
69,0.1,2.25,0,0,1,0
70,0.65,2.96,0,0,1,1
71,0.03,2.5,0,0,1,1
72,-1.03,2.72,3,0,5,0
73,0.05,2.4,0,0,0,0
74,1.7,2.95,1,1,2,1
75,-0.08,2.83,2,1,2,2
76,0.96,3.24,0,3,0,3
77,-0.37,3.03,1,0,1,2
78,-0.67,2.74,1,2,1,3
79,1.3,3.15,5,1,6,1
80,0.46,2.66,2,0,2,1
81,0.96,2.95,1,0,1,0
82,0.41,2.6,0,0,1,0
83,-1.65,2.75,1,1,1,3
84,-0.16,2.62,0,1,0,1
85,0.5,2.61,0,2,1,2
86,0.77,2.76,0,0,0,0
87,0.25,2.71,2,0,4,0
88,0.54,2.91,0,0,2,0
89,-0.81,2.66,0,0,1,2
90,0.22,2.5,0,0,1,1
91,-0.58,3.35,0,0,0,1
92,-0.06,2.92,0,1,1,1
93,0.17,2.44,0,0,0,2
94,0.13,2.56,1,1,1,1
95,0.34,2.8,0,0,1,0
96,0.47,2.67,2,1,2,1
97,1.16,2.42,0,1,0,1
98,1.37,2.87,0,1,0,1
99,-0.34,2.62,0,0,1,0
100,0.41,2.49,1,1,1,2
101,-0.22,3.2,2,2,2,2
102,0.59,2.49,3,0,4,2
103,0.24,2.57,0,0,2,0
104,-0.18,2.51,0,0,0,1
105,0.32,2.96,0,0,2,2
106,1.16,2.62,0,0,1,0
107,0.04,3.1,1,0,2,2
108,0.39,2.44,0,0,1,0
109,0.77,2.32,0,1,0,1
110,1.1,2.94,1,1,3,1
111,0.4,2.37,0,0,2,0
112,-0.15,2.68,0,0,0,0
113,-0.27,2.38,0,2,1,2
114,0.5,2.55,0,0,0,1
115,0.25,2.63,2,0,3,0
116,1.01,2.61,1,0,2,2
117,-0.98,2.38,0,0,0,0
118,1.62,3.17,2,0,4,0
119,0.24,2.18,1,1,1,1
120,1.64,3.31,1,1,2,1
121,1.23,2.66,1,0,1,0
122,0.34,2.55,0,0,0,1
123,0.09,2.63,0,0,1,2
124,0.18,2.61,1,0,1,0
125,-0.16,2.17,0,0,0,2
126,0.32,2.22,1,0,1,0
127,-0.08,2.59,0,0,0,0
128,0.62,2.58,1,0,2,3
129,1.18,2.65,2,0,3,0
130,0.46,2.22,1,0,2,0
131,1.95,2.97,5,0,8,1
132,-1.05,2.77,0,0,0,2
133,-0.49,2.72,0,3,0,4
134,1.94,2.95,1,1,2,1
135,0.33,2.36,0,0,2,1
136,0.05,2.34,1,0,3,1
137,-0.26,2.46,1,0,2,0
138,0.34,2.49,1,1,1,1
139,1.74,3.33,1,1,2,1
140,-0.17,2.77,0,0,1,1
141,-0.87,3.27,0,0,0,2
142,-0.07,2.47,0,1,0,1
143,1.11,3.35,0,1,1,1
144,-0.3,2.7,0,0,0,1
145,1.96,3.1,0,0,1,0
146,0.99,2.7,0,0,0,0
147,-1.62,2.79,2,1,2,2
148,0.38,2.29,0,0,1,0
149,-0.7,2.61,1,0,3,0
150,-0.58,2.95,0,1,0,1
151,-1.33,2.92,0,2,0,3
152,0.88,2.98,0,0,3,1
153,0.31,2.48,1,2,2,4
154,-0.13,2.38,0,0,0,1
155,-1.18,2.58,0,1,0,2
156,-0.97,2.92,0,0,1,1
157,0.1,2.97,0,3,0,3
158,0.43,2.31,0,1,0,1
159,-0.16,2.99,1,1,4,2
160,0.72,3.21,1,0,3,0
161,2,2.87,2,1,3,2
162,-0.49,2.13,1,0,1,0
163,0.78,2.24,0,1,1,1
164,1.91,3.27,2,0,4,0
165,0.43,2.29,0,0,2,0
166,1.33,2.36,1,1,2,1
167,1.11,2.78,1,0,3,0
168,-0.01,2.86,0,1,0,1
169,0.3,2.39,0,0,1,0
170,0.44,3.02,2,0,3,0
171,0.38,2.35,1,0,2,0
172,-0.42,3.02,0,1,0,4
173,0.03,2.19,0,0,0,0
174,0.75,2.89,1,0,2,1
175,-0.18,2.46,0,0,0,1
176,0.32,3.04,0,0,0,0
177,0.32,3.09,0,0,0,1
178,-0.02,3.18,0,0,1,0
179,1.38,2.95,1,0,2,0
180,0.69,2.43,3,0,4,1
181,-0.38,2.75,0,0,0,0
182,0.01,2.44,0,0,0,0
183,0.12,2.32,0,1,1,1
184,0.41,2.44,0,0,1,1
185,1.55,3.27,2,1,4,1
186,0.12,3.16,0,2,0,4
187,0.76,3.38,1,0,2,0
188,0.06,2.55,2,0,5,0
189,1.88,2.98,3,0,7,0
190,0.77,2.89,0,1,1,1
191,-0.2,3.05,0,0,0,1
192,-0.12,2.42,0,3,1,3
193,0.83,3.1,1,1,2,1
194,-0.66,3.08,1,2,3,5
195,-0.38,2.26,0,1,0,2
196,-0.35,3.1,0,0,1,1
197,0.49,2.45,0,1,0,1
198,0.29,3.11,0,0,0,1
199,0,2.72,0,0,0,0
200,-0.29,3.11,2,1,2,1
201,0.59,2.38,1,1,2,2
202,0.32,3.38,1,1,4,3
203,0.98,2.48,2,0,3,1
204,-0.44,3.08,0,0,0,2
205,0.32,2.93,0,1,0,2
206,0.16,2.61,3,0,3,1
207,1,2.91,2,3,3,3
208,1.61,3.32,3,0,5,1
209,1.54,2.86,0,0,0,1
210,1.07,2.56,0,0,0,0
211,-0.64,2.7,0,0,1,0
212,1.09,2.58,1,0,3,0
213,0.25,2.21,1,0,1,1
214,-0.24,2.37,0,0,0,2
215,0.45,2.6,1,0,1,0
216,0.5,2.49,0,0,2,1
217,1.95,3.16,1,0,1,1
218,0.58,2.81,0,0,0,0
219,0.15,2.57,0,1,1,2
220,0.86,2.11,2,0,3,1
221,0.4,2.87,0,1,1,1
222,0.41,2.57,0,0,0,0
223,0.15,2.31,0,0,1,0
224,0.64,2.37,0,0,1,0
225,-0.16,2.52,0,2,1,2
226,0.55,2.56,0,0,0,0
227,0.48,2.72,0,1,1,2
228,0.1,3.38,1,0,2,0
229,1.27,2.95,1,0,1,0
230,-0.19,2.08,0,0,0,0
231,-0.21,2.5,0,0,2,1
232,0.18,2.54,0,1,0,1
233,1.44,3.3,3,1,3,1
234,-0.15,2.7,0,1,0,3
235,0.74,3.15,0,0,2,0
236,1.91,3.32,0,0,2,0
237,0.54,2.72,0,0,0,2
238,0.57,2.62,1,0,1,0
239,0.28,2.79,1,0,3,0
240,0.6,2.95,2,1,2,1
241,-1.3,2.96,0,2,0,2
242,0.82,2.64,0,0,0,0
243,-1.45,2.9,0,1,0,5
244,1.5,3.16,0,0,2,0
245,0.5,2.33,0,1,1,2
246,1,2.55,1,0,1,1
247,0.31,2.65,0,0,1,0
248,1.24,3,0,1,1,1
249,-0.19,2.67,0,1,0,3
250,-0.5,2.63,0,0,0,1
251,0.04,2.33,0,0,1,0
252,1.52,3.25,0,1,1,1
253,1.22,2.75,3,1,4,1
254,0.54,2.32,0,0,3,0
255,0.1,2.5,0,1,0,2
256,-0.62,2.66,1,1,3,1
257,-0.24,3.13,2,1,3,1
258,-1.81,3.17,0,1,1,1
259,1.89,3.23,0,0,0,0
260,-0.31,2.36,0,0,0,1
261,0.73,2.58,1,0,1,1
262,1.73,2.72,1,1,2,1
263,0.45,2.71,2,1,2,2
264,1.11,3.02,1,0,1,2
265,0.28,2.94,1,0,3,3
266,0.38,2.64,1,0,4,2
267,0.31,2.68,0,1,0,1
268,1.12,2.88,0,0,1,1
269,-0.81,2.38,0,0,0,0
270,0.56,2.84,1,1,2,1
271,0.69,2.33,1,1,2,1
272,-0.89,3.33,0,3,1,3
273,-0.04,2.2,0,0,1,0
274,-0.27,2.31,0,0,0,1
275,0.75,3.05,3,0,3,2
276,-0.82,2.93,0,0,0,1
277,0.49,2.55,1,0,1,0
278,0.62,2.84,1,0,1,1
279,0.32,2.46,0,1,0,2
280,0.72,2.93,4,0,5,1
281,-0.16,2.77,0,2,1,2
282,0.21,2.69,1,0,1,0
283,0.43,2.3,1,2,2,2
284,1.25,2.78,0,0,2,1
285,1.12,2.97,0,1,1,1
286,0.23,2.76,1,1,2,2
287,0.82,2.39,1,0,2,2
288,0.12,2.86,1,0,2,1
289,0.1,2.35,0,1,0,2
290,-1.53,3.07,0,0,1,1
291,1.74,3.2,2,0,3,0
292,1.15,3.37,0,0,0,0
293,0.69,2.59,0,1,2,3
294,0.62,3.03,0,1,1,1
295,0.77,2.46,0,0,1,2
296,0.03,2.46,0,1,1,1
297,1.48,3.26,0,0,1,0
298,0.41,2.82,0,3,0,5
299,0.14,2.57,0,0,2,0
300,0.88,2.67,2,0,3,1
301,0.69,2.86,0,0,1,0
302,0.18,2.46,1,0,3,1
303,0.24,2.71,4,0,4,0
304,1.14,2.84,0,1,0,1
305,-0.4,2.45,1,0,2,2
306,1.07,3.07,0,0,1,1
307,0.42,2.83,0,3,1,4
308,0.86,2.65,0,0,1,2
309,0.65,2.76,3,3,3,3
310,0.48,3.2,1,0,3,0
311,0.87,2.79,0,2,3,2
312,1.53,3.09,2,0,3,0
313,1.29,2.83,0,0,1,1
314,-0.63,2.95,1,1,2,8
315,0.56,2.55,0,0,1,1
316,0.43,2.67,0,0,3,1
317,1.39,3.32,0,1,2,2
318,0.6,2.12,2,0,3,0
319,1.19,2.87,1,0,2,0
320,1.13,2.95,1,0,2,2
321,-0.28,2.63,0,0,1,2
322,1.61,3.29,1,0,3,2
323,0.3,2.7,1,1,1,1
324,-0.82,2.68,2,1,2,3
325,1.3,2.73,2,0,3,0
326,1.08,3.37,0,1,0,3
327,-0.51,2.78,0,0,1,0
328,0.66,2.39,0,1,0,2
329,0.03,2.86,1,1,2,1
330,0.15,2.78,0,0,0,1
331,0.89,2.87,0,2,0,2
332,1.5,3.15,0,0,2,0
333,0.92,3,1,0,2,1
334,0.06,2.35,1,0,1,0
335,0.66,2.28,0,0,2,0
336,0.47,3,0,0,1,0
337,0.73,3.01,0,0,0,3
338,0.71,2.71,1,0,3,0
339,0.14,2.67,0,0,0,2
340,0.39,2.97,1,0,3,0
341,-0.01,2.28,1,1,2,1
342,0.57,2.51,0,2,0,3
343,1.19,2.87,0,0,3,0
344,0.76,2.68,0,1,0,1
345,0.36,2.84,1,0,2,0
346,0.31,2.41,1,0,1,0
347,1.05,2.66,1,2,2,3
348,0.79,2.17,1,0,2,0
349,0.16,2.72,0,1,0,2
350,0.16,2.52,0,1,1,1
351,1.8,2.93,1,0,2,0
352,0.55,2.6,1,1,2,1
353,-0.33,2.25,0,0,1,1
354,-1.19,2.59,0,1,0,2
355,0.25,2.25,0,3,0,3
356,-1.1,2.69,0,2,0,4
357,0.63,2.47,0,1,1,1
358,0.31,3.04,1,0,4,1
359,0.25,2.73,2,0,3,1
360,-0.24,2.44,0,0,0,0
361,-0.68,2.73,0,0,0,2
362,-0.2,3.05,0,0,0,1
363,0.22,2.59,2,1,2,1
364,0.31,2.58,0,0,2,0
365,0.31,2.42,0,1,0,1
366,0.2,2.59,0,1,1,1
367,-0.86,2.98,1,1,2,1
368,0.05,3.21,1,1,2,2
369,0.22,2.81,1,1,2,2
370,0.43,2.42,0,0,0,0
371,-0.54,2.38,0,1,0,1
372,0.24,2.9,0,0,2,0
373,0.39,2.83,1,0,5,4
374,2,2.9,0,0,1,0
375,1.48,2.94,0,0,0,2
376,0.38,2.44,1,0,2,0
377,1.28,3.05,0,0,0,0
378,1.55,3.33,0,0,0,0
379,0.38,2.34,0,1,0,2
380,0.2,2.19,1,0,1,0
381,1.99,3.1,1,0,3,0
382,0.22,2.85,2,0,3,2
383,-0.6,2.21,0,1,0,1
384,0.4,2.81,1,1,2,4
385,0.13,2.58,2,0,2,0
386,0.76,2.68,0,0,1,0
387,0.2,2.32,1,0,1,0
388,0.01,2.77,0,0,1,3
389,0.19,2.41,0,0,1,1
390,-0.02,2.34,0,0,2,0
391,0.97,3.05,1,1,2,2
392,0.94,3.23,1,1,2,2
393,0.55,2.25,2,0,2,1
394,0.78,2.41,2,0,3,1
395,0.23,3,0,1,2,1
396,1.05,3.2,1,1,2,1
397,0.83,2.55,0,0,1,1
398,0.13,2.71,0,0,0,0
399,1.75,2.79,1,0,3,0
400,-0.32,3.12,1,1,3,5
401,0.27,2.63,0,0,1,1
402,-0.29,2.58,1,2,1,4
403,-0.91,2.42,1,1,1,1
404,0.68,2.62,2,1,3,2
405,0.57,2.54,0,0,0,1
406,-0.14,2.45,1,1,2,1
407,0.27,3.17,2,1,2,2
408,0.87,3.31,1,0,1,0
409,0.42,2.81,0,1,0,1
410,-0.91,2.7,1,0,1,0
411,0.67,2.84,0,1,1,2
412,0.27,2.17,0,0,2,0
413,0.49,2.59,2,0,2,0
414,0.41,2.85,0,0,0,1
415,0.62,2.51,0,0,0,0
416,0.13,2.69,0,0,0,0
417,0.13,2.68,1,0,1,0
418,1.81,3.38,1,0,5,0
419,0.85,2.42,0,0,0,1
420,-0.41,2.84,0,1,0,2
421,0.73,3.09,0,0,1,2
422,-1.39,2.47,0,1,1,3
423,0.46,2.72,2,0,4,1
424,-1.15,2.69,0,0,0,0
425,-0.08,2.92,1,1,1,1
426,1.05,2.73,2,0,2,1
427,-0.04,2.64,0,0,0,0
428,0.43,2.54,3,2,3,3
429,-1.18,3.13,0,1,0,1
430,-0.24,2.54,1,0,1,1
431,-0.04,2.53,0,1,2,2
432,0.39,2.75,0,1,0,3
433,0.23,2.98,1,0,1,0
434,0.71,2.94,0,0,1,2
435,1.91,2.78,0,1,0,2
436,-0.83,2.52,1,1,1,1
437,-0.92,2.26,0,1,0,4
438,0.58,2.95,1,2,2,2
439,0.98,2.65,0,1,0,2
440,1,2.9,0,0,0,1
441,1.07,2.55,0,0,0,1
442,0.53,2.76,1,0,1,0
443,1,2.69,1,1,4,1
444,0.51,2.39,0,1,0,1
445,-0.47,2.58,0,2,1,2
446,-0.43,2.57,0,2,0,4
447,0.18,2.47,0,1,0,1
448,1.49,2.87,0,0,1,0
449,0.31,2.27,1,0,1,1
450,-0.25,2.51,0,1,0,2
451,0.11,2.99,2,0,3,1
452,0.44,2.95,0,1,3,1
453,0.31,2.44,0,0,1,0
454,0.53,2.55,0,1,1,1
455,0.2,3.34,1,2,2,2
456,-1.37,2.75,0,0,0,0
457,-0.15,3.02,1,0,1,0
458,1.16,2.7,1,0,3,1
459,1.21,2.93,1,0,2,0
460,-0.16,2.25,0,1,0,1
461,-0.19,2.56,1,0,2,1
462,0.1,3.03,0,0,1,1
463,0.32,2.47,1,0,2,2
464,-0.2,2.76,0,0,1,1
465,-0.72,2.72,1,2,2,2
466,0.18,2.56,1,0,1,1
467,0.49,2.71,0,1,0,3
468,0.99,2.66,1,0,1,1
469,-0.94,2.95,0,0,0,1
470,0.4,2.17,1,2,2,3
471,-0.55,2.51,0,0,1,1
472,0.51,3.02,3,1,3,1
473,-0.19,2.48,0,1,1,1
474,0.94,2.41,1,0,1,1
475,0.61,2.52,0,0,0,0
476,-0.06,2.77,0,0,3,1
477,0.54,2.47,1,0,3,0
478,1.94,2.74,0,0,1,0
479,-0.1,2.16,0,1,0,2
480,-0.5,2.78,0,2,2,5
481,1.5,3.34,2,0,2,0
482,1.5,3.04,1,0,3,0
483,-0.16,2.62,0,1,1,3
484,1.16,2.79,1,0,3,0
485,-0.33,2.15,0,0,1,2
486,0.29,2.71,0,0,0,1
487,0.18,2.75,0,0,2,0
488,0.38,2.28,0,0,1,1
489,-1.18,2.82,0,0,0,1
490,0.09,2.24,0,1,1,3
491,0.37,2.93,1,2,1,3
492,0.01,2.58,0,0,0,1
493,-0.68,2.98,0,2,0,4
494,1.13,3,0,0,1,0
495,0.47,2.12,0,0,0,0
496,1.71,3.33,1,0,1,0
497,0.61,2.23,1,0,1,0
498,1.44,2.99,0,1,1,1
499,0.61,2.58,1,1,1,1
500,-0.89,3.12,0,2,0,2
501,1.19,2.6,1,0,1,0
502,0.48,2.72,0,2,0,2
503,1.28,3.31,3,0,4,1
504,-0.02,2.66,3,0,3,0
505,0.16,2.58,1,1,2,2
506,1.52,3.06,1,0,2,0
507,0.92,2.31,0,1,2,1
508,1.01,2.37,0,1,1,2
509,0.43,2.81,0,0,0,0
510,-1.21,3.12,0,0,1,2
511,0.58,2.53,0,0,4,1
512,0.59,3.15,0,0,1,0
513,1.15,3.05,1,0,1,0
514,0.28,2.21,0,1,0,1
515,0.33,2.34,2,1,4,1
516,0.83,2.79,0,0,0,0
517,0.73,2.91,3,0,6,0
518,0.53,2.24,1,0,1,1
519,1.35,2.78,1,0,5,1
520,0.35,2.66,1,0,1,0
521,1.13,2.55,0,0,1,0
522,0.63,2.76,0,1,1,4
523,0.4,2.74,0,0,2,0
524,0.44,2.59,1,0,2,0
525,0.16,3.25,1,0,1,0
526,0.41,2.56,0,0,1,0
527,-0.13,2.68,0,1,2,2
528,0.83,3.2,0,0,1,1
529,0.25,2.53,0,1,1,2
530,0.01,2.54,1,1,1,1
531,0.11,2.6,1,1,3,1
532,0.14,3,2,3,3,5
533,0.62,2.52,0,0,0,2
534,0.56,2.52,1,0,2,0
535,-0.12,2.54,0,0,1,1
536,1.16,2.54,0,1,1,2
537,1.2,3.02,0,0,2,0
538,0.2,2.13,0,0,0,0
539,-0.31,2.38,0,0,0,0
540,0.62,3.01,0,0,1,2
541,0.23,2.42,3,3,4,3
542,-0.4,2.98,1,0,1,0
543,-0.12,2.32,1,0,1,0
544,0.86,2.49,2,0,2,0
545,-0.76,2.96,0,1,0,1
546,-0.05,3.01,0,0,2,0
547,0.05,2.77,0,0,0,0
548,0.2,2.75,0,1,1,1
549,1.08,2.27,1,0,2,1
550,0.06,2.59,2,1,2,1
551,0.83,3.28,1,1,4,1
552,1.12,3.26,1,0,5,1
553,-0.62,2.33,0,1,0,3
554,0.09,2.61,1,0,1,2
555,0.18,2.49,0,1,0,1
556,0.42,2.54,2,1,3,1
557,-0.11,2.87,0,1,1,2
558,0.49,2.38,1,0,1,0
559,0.72,2.66,3,0,5,0
560,1.23,2.62,2,1,2,1
561,-0.09,3.01,0,2,0,2
562,0.49,2.47,0,2,1,2
563,-0.57,2.97,0,0,0,0
564,-0.33,2.24,0,0,0,0
565,0.73,2.57,2,1,4,1
566,0.41,2.31,0,0,2,0
567,0.42,2.64,0,0,3,0
568,1.22,2.87,1,0,3,0
569,-0.28,2.77,1,2,1,3
570,1.6,3.03,1,0,2,0
571,1.42,3.39,1,0,3,0
572,1.34,2.47,1,0,2,0
573,0.43,2.24,0,0,1,1
574,0.56,2.85,0,0,0,0
575,1.09,2.07,1,0,3,0
576,1.35,3.35,2,0,3,1
577,0.58,2.79,0,0,0,0
578,0.13,2.91,1,0,1,1
579,-0.3,2.38,1,0,1,1
580,0.62,2.92,1,0,2,1
581,1.04,3.18,1,1,1,2
582,0.78,2.73,0,1,1,2
583,-0.48,2.94,0,0,3,0
584,-0.99,2.93,0,0,0,3
585,0.79,2.64,1,1,3,2
586,1.99,2.8,1,0,1,0
587,0.82,2.7,1,0,2,0
588,1.27,2.75,1,0,1,0
589,0.99,3.05,2,0,2,1
590,1.79,3.03,2,0,2,0
591,0.1,2.52,1,1,3,1
592,0.09,2.62,1,0,1,1
593,0.16,2.99,0,1,0,4
594,0.12,2.33,1,0,1,0
595,-1.18,2.91,0,1,0,2
596,0.75,2.82,1,1,2,3
597,0.44,2.36,0,0,1,0
598,0.6,2.6,0,0,2,0
599,-0.29,2.88,0,0,0,0
600,0.32,2.34,0,0,3,0
601,1.22,2.85,3,0,7,0
602,0.87,3.07,1,0,3,1
603,1.4,2.71,2,1,2,1
604,0.16,2.61,1,1,2,1
605,0.81,2.86,0,1,0,2
606,1.98,3.08,0,1,2,1
607,-0.45,2.5,0,1,0,2
608,0.99,3.14,1,0,1,1
609,0.97,2.61,1,0,1,0
610,0.18,2.02,1,1,2,2
611,-0.69,2.58,0,0,0,0
612,1.31,2.68,1,0,3,0
613,-0.27,2.5,0,0,0,0
614,-0.54,2.9,1,1,1,1
615,-1.07,2.88,1,0,2,3
616,0.06,2.74,0,0,1,0
617,-0.43,2.9,1,2,2,2
618,0.64,2.59,1,0,2,0
619,0.15,2.98,2,0,4,1
620,-0.13,2.54,0,0,1,0
621,0.26,2.62,2,0,2,1
622,-0.02,2.33,1,0,2,1
623,0.84,2.74,1,0,2,0
624,-0.48,2.79,0,1,1,4
625,0.18,2.41,1,0,1,1
626,1.46,2.58,0,1,2,2
627,1.3,2.98,0,0,0,0
628,-0.79,2.65,0,1,0,1
629,-0.39,2.31,1,1,1,3
630,-0.26,2.47,0,0,0,1
631,0.2,2.47,0,0,1,2
632,1.24,2.68,3,0,4,1
633,-0.12,2.58,0,1,1,2
634,0.07,2.29,1,2,1,2
635,1.43,2.81,0,0,0,2
636,0.63,2.33,0,0,2,0
637,0.16,2.46,0,0,1,1
638,0.99,2.43,1,0,2,0
639,0.47,3.14,0,0,1,1
640,-0.31,2.73,0,0,0,0
641,0.06,2.92,1,2,2,2
642,0.87,2.4,1,0,2,0
643,0.87,2.64,1,1,4,1
644,0.18,2.91,1,1,2,2
645,0.25,2.64,0,0,0,0
646,1.99,2.79,1,0,3,0
647,0.98,2.55,1,0,1,0
648,0.12,2.6,0,1,0,2
649,0.5,2.85,1,0,1,0
650,-0.18,2.23,1,1,3,2
651,-0.06,2.65,1,1,1,3
652,-1.6,3.06,2,1,2,4
653,-0.22,2.73,0,2,1,4
654,-0.08,2.17,0,1,0,1
655,1.33,3.39,0,0,1,1
656,0.18,2.83,0,0,0,0
657,1.35,2.7,2,0,3,0
658,-1.18,3.17,1,1,1,1
659,0.57,2.91,0,0,0,0
660,-1.36,3.26,0,0,1,2
661,-1.67,3.11,1,0,2,3
662,-0.11,2.59,1,1,1,2
663,0.41,2.81,2,0,6,0
664,0.38,3.01,0,0,0,0
665,1.07,3.33,2,0,2,1
666,-0.15,2.58,0,2,0,3
667,0.16,2.88,1,0,1,0
668,-0.02,3.02,0,1,1,1
669,-1.95,2.95,0,1,0,1
670,0.28,2.88,1,1,3,1
671,0.52,2.75,2,1,2,2
672,0.93,2.96,1,0,2,2
673,-0.52,2.68,0,0,0,0
674,-0.46,2.58,2,1,5,2
675,-1.1,3,0,1,0,2
676,1.95,3.32,2,0,3,0
677,0.47,2.33,0,0,1,1
678,-0.01,2.57,0,2,0,2
679,0.32,2.49,2,0,2,0
680,1.94,3.31,1,1,3,1
681,1.3,2.89,3,0,6,2
682,-0.69,3.13,1,3,1,5
683,-0.24,2.69,0,0,2,1
684,0.85,2.96,0,1,0,1
685,0.83,2.83,0,0,0,0
686,-0.35,3.34,2,1,2,2
687,0.1,2.72,2,0,3,0
688,0.12,2.9,0,0,0,2
689,-0.46,2.4,0,1,0,1
690,0.77,2.58,2,0,3,2
691,1.41,2.19,1,0,2,0
692,-0.5,3.08,0,0,1,1
693,-0.07,1.92,0,0,1,0
694,0.71,2.42,1,1,3,1
695,0.05,2.7,1,0,2,1
696,0.12,2.54,1,1,1,1
697,-0.07,2.38,0,0,2,2
698,0.05,3.03,0,1,0,3
699,0.12,2.66,1,0,1,0
700,-0.03,2.21,1,0,1,1
701,0.17,2.47,1,0,1,0
702,-0.92,3.08,0,2,1,3
703,1.08,2.64,0,0,1,2
704,0.03,2.88,0,0,1,1
705,0.58,2.56,1,1,1,2
706,-0.82,2.77,0,4,0,9
707,0.43,2.43,2,0,2,0
708,1.17,3.07,0,0,1,0
709,0.08,2.66,0,1,0,1
710,0.61,2.91,1,1,2,2
711,0.73,2.32,0,0,1,0
712,0.61,2.9,1,1,4,1
713,0.98,2.71,3,0,4,1
714,0.15,2.38,1,0,2,2
715,1.43,3.25,0,1,1,3
716,-0.02,2.44,0,1,0,1
717,1.18,2.79,2,0,2,1
718,-0.29,2.48,1,2,2,2
719,0.32,2.48,0,0,0,0
720,0.85,2.43,0,0,0,0
721,1.3,2.94,0,0,0,1
722,-0.14,2.39,1,0,1,1
723,-0.81,2.87,1,0,1,1
724,0.89,2.92,3,3,3,3
725,-0.67,2.34,0,1,1,4
726,0.99,3.04,1,1,2,1
727,-0.15,2.26,0,2,2,3
728,0.47,2.26,0,0,1,0
729,0.29,3.03,1,1,1,1
730,1.78,3.09,2,0,2,0
731,1.54,3.11,0,0,0,0
732,0.99,2.79,2,0,3,1
733,0.42,2.85,0,1,0,2
734,0.21,3.2,2,0,2,1
735,-0.19,2.73,0,2,1,2
736,-0.13,2.85,0,1,0,3
737,0.97,2.5,2,0,3,0
738,1.23,3.01,0,0,0,0
739,-0.24,2.7,2,0,2,1
740,0.26,2.46,0,0,2,2
741,-0.12,2.49,0,0,0,2
742,-0.03,2.6,1,0,1,2
743,0.23,2.8,1,1,1,2
744,-0.03,2.47,2,2,2,4
745,0.09,3.28,0,0,1,1
746,1.28,3.18,1,0,2,0
747,1.1,2.83,1,0,2,0
748,0.97,3.02,0,0,1,2
749,0.15,2.88,1,1,1,2
750,-0.06,2.54,0,0,0,0
751,0.61,2.5,0,1,2,2
752,-0.93,3.32,0,0,2,1
753,0.81,2.5,2,0,4,1
754,0.5,2.76,4,0,5,0
755,1.23,3.11,0,1,0,1
756,0.07,2.08,1,0,2,0
757,0.4,2.56,0,0,1,0
758,0.52,2.4,2,1,2,1
759,-0.1,2.62,0,1,0,2
760,0.97,2.83,0,1,0,1
761,0.21,2.76,1,1,2,1
762,-0.18,2.48,0,1,0,1
763,-1.11,2.35,0,0,0,2
764,-0.23,3.14,0,1,0,1
765,-0.68,2.71,0,0,1,0
766,-0.99,2.52,0,1,1,3
767,0.35,2.99,0,1,0,2
768,1.21,2.91,2,0,7,0
769,-1.24,2.92,0,1,0,1
770,-0.27,3.09,0,0,0,1
771,0.68,3,1,0,3,1
772,0.25,2.99,2,0,2,2
773,0.58,2.01,0,0,0,1
774,0.38,2.56,1,0,4,1
775,-0.39,2.59,0,0,0,0
776,0.45,2.55,1,1,1,3
777,0.19,2.78,0,1,1,1
778,1.7,3.38,0,0,5,1
779,-0.28,2.58,2,1,3,1
780,-0.88,2.33,0,0,1,2
781,0.82,2.84,0,0,1,1
782,0.16,2.3,1,0,1,1
783,0.52,3.33,1,3,1,3
784,1.17,2.76,6,1,6,2
785,-0.3,2.71,1,0,1,2
786,0.39,2.42,1,0,1,1
787,-1.2,2.49,0,1,1,1
788,1.26,2.55,2,1,2,1
789,0.55,2.74,0,1,0,1
790,-0.05,2.65,1,0,1,1
791,-0.06,2.65,1,0,1,1
792,-1.3,3.38,0,1,0,3
793,1.52,3.03,0,0,2,1
794,0.18,2.72,1,0,3,0
795,0.7,2.83,1,1,3,1
796,0.83,2.65,1,0,3,1
797,1.34,3.18,2,0,2,0
798,0.48,2.79,0,1,1,1
799,-0.01,2.5,0,1,0,2
800,0.18,2.7,0,0,0,0
801,1.63,2.3,1,0,3,0
802,-0.41,2.46,1,1,2,3
803,0.24,2.66,1,0,3,1
804,-0.53,2.24,0,0,0,0
805,0.07,2.58,0,0,1,1
806,1.3,3.18,1,0,1,1
807,-0.02,2.6,1,0,1,1
808,0.8,2.7,2,1,4,1
809,-0.02,2.63,0,2,0,3
810,0.87,2.51,0,0,2,1
811,0.44,2.81,2,0,2,0
812,0.79,2.37,1,1,1,3
813,0.89,3.05,1,1,3,2
814,-1.27,2.65,0,1,0,1
815,-0.07,3.08,1,0,5,1
816,0.25,2.75,0,1,1,2
817,1.59,2.7,0,1,0,1
818,-0.02,2.55,0,0,0,2
819,0.5,2.86,3,1,3,1
820,-0.04,2.46,0,1,0,1
821,1.49,3.2,1,0,3,0
822,1.02,3.34,3,0,3,1
823,0.9,3.21,1,0,6,0
824,-0.62,2.86,0,0,1,1
825,1.23,3.32,0,0,1,1
826,0.49,2.42,1,1,2,1
827,0.48,2.19,3,0,4,1
828,0.14,2.47,1,1,1,1
829,0.5,3.08,1,0,1,1
830,1.05,2.78,0,0,0,2
831,-0.33,3.21,0,0,1,2
832,-0.93,2.64,0,1,0,1
833,1.26,2.74,0,0,0,1
834,0.48,3.07,0,0,3,1
835,1.45,3.08,2,0,3,0
836,1.13,2.79,3,1,4,1
837,0.35,3.09,1,0,3,0
838,-1.22,3.31,0,4,0,8
839,-0.72,2.5,0,1,1,1
840,-0.19,3.17,0,2,2,3
841,0.64,2.72,0,1,1,2
842,0.68,2.4,0,0,1,1
843,0.11,2.85,0,0,0,0
844,0.79,2.94,1,1,3,2
845,-0.32,2.87,3,0,3,2
846,0.12,2.2,0,1,0,3
847,0.8,2.58,0,4,2,6
848,0.76,2.19,2,1,2,2
849,0.65,2.35,0,1,1,1
850,0.53,2.46,2,0,2,0
851,0.41,2.81,0,1,0,3
852,0.85,2.77,1,0,2,0
853,-0.03,2.33,0,0,0,0
854,-1.14,3.06,0,1,0,1
855,-0.03,2.73,0,0,0,4
856,-0.03,3.28,0,1,0,1
857,1.02,2.53,1,0,2,0
858,0.93,2.47,3,0,4,0
859,1.7,2.99,2,0,4,0
860,0.28,2.33,1,1,2,1
861,0.32,2.87,1,2,2,2
862,0.89,3.1,3,0,7,0
863,0.72,2.48,0,0,2,0
864,-1.57,2.85,0,2,0,4
865,1.05,3.12,0,0,6,1
866,-0.16,3.05,0,0,2,0
867,0.99,2.6,0,1,1,1
868,1.08,3.17,1,1,2,1
869,0.5,2.71,0,0,2,0
870,0.35,2.73,0,1,0,3
871,0.25,2.49,0,0,2,2
872,0.23,2.67,0,0,0,1
873,0.27,2.94,1,0,3,1
874,0.06,3.23,0,0,0,0
875,0.16,2.95,1,1,2,1
876,1.23,2.89,0,1,1,1
877,0.06,2.88,1,0,1,0
878,0.27,2.35,0,0,1,1
879,-1.02,2.89,0,0,1,1
880,1.09,2.48,0,0,2,1
881,0.14,2.54,0,2,3,3
882,0.4,2.86,0,0,0,0
883,0.28,2.81,1,0,3,1
884,0.78,2.56,1,0,1,0
885,1.02,2.83,1,1,2,2
886,-1.78,2.97,0,2,0,6
887,0.54,2.15,1,0,2,1
888,1,2.8,1,0,2,0
889,-0.41,3.09,0,0,2,1
890,-0.88,3.24,0,2,1,4
891,0.32,2.23,0,0,0,0
892,-0.8,2.85,0,2,0,3
893,-0.04,2.27,2,1,3,1
894,0.03,2.62,2,0,2,1
895,0.36,2.69,0,1,1,1
896,1.42,2.58,1,1,2,1
897,0.32,3.01,2,2,3,4
898,1.17,2.53,1,0,1,0
899,-1.31,2.51,0,0,0,2
900,-0.32,2.2,0,0,1,2
901,1.7,2.77,1,0,1,0
902,0.17,2.08,0,1,1,1
903,1.2,2.46,0,0,3,0
904,0.99,2.84,0,0,0,0
905,-0.51,3.37,0,1,1,1
906,0.48,2.79,2,2,3,4
907,0.39,2.66,0,1,0,2
908,-0.9,2.84,0,1,1,2
909,0.56,2.56,1,1,1,2
910,1.09,2.97,0,0,0,1
911,0.46,2.76,0,0,2,0
912,0.37,2.55,1,0,4,0
913,0.43,2.45,1,0,2,1
914,-0.3,2.45,0,1,0,1
915,-0.34,2.49,1,1,1,1
916,1.3,2.76,3,0,4,0
917,0.71,2.37,0,1,0,1
918,0.69,2.71,0,0,0,1
919,1.69,2.71,2,0,2,0
920,1.19,2.26,0,1,1,1
921,1.25,3.22,1,1,2,1
922,0.44,2.3,1,2,2,2
923,1.77,2.9,1,0,2,2
924,-0.37,2.67,1,1,2,1
925,-0.97,3.05,1,0,1,0
926,-0.58,2.63,0,1,2,2
927,-0.9,2.85,2,1,2,1
928,-0.33,3.08,0,0,0,0
929,1.17,3.2,0,0,0,0
930,-0.52,2.5,0,0,0,0
931,-0.35,2.6,1,0,2,0
932,0.5,3.14,1,1,2,1
933,1.7,2.64,1,0,2,0
934,1.03,2.94,0,0,2,0
935,1.82,2.88,2,2,3,2
936,0.18,2.64,0,2,1,2
937,0.36,2.65,1,0,2,0
938,0.87,2.92,1,0,1,0
939,1.16,2.94,0,0,3,0
940,0.67,2.88,0,2,1,2
941,0.2,2.67,1,0,2,0
942,1.94,3.05,2,0,4,0
943,1.33,2.6,1,2,5,2
944,0.25,2.69,0,2,0,2
945,-0.02,2.54,1,0,3,0
946,0.59,2.71,1,0,3,1
947,0.32,2.21,0,0,0,0
948,0.32,2.58,1,1,1,1
949,0.65,2.92,2,1,3,1
950,0.21,2.18,0,0,1,0
951,0.53,2.28,0,1,3,1
952,0.21,2.26,0,0,0,2
953,1.06,2.48,0,0,1,0
954,0.24,2.37,0,1,0,2
955,0.63,2.86,1,1,2,1
956,-0.04,2.3,0,0,0,0
957,-0.7,3.07,0,1,0,1
958,0.5,2.37,0,0,1,0
959,0.42,2.87,2,0,2,0
960,-0.15,3.06,0,1,0,2
961,0.28,2.52,2,0,2,0
962,0.47,2.37,1,0,1,0
963,0.11,2.82,0,0,2,0
964,0.08,2.59,1,2,2,2
965,0.75,2.47,0,0,0,1
966,-0.26,2.8,0,1,1,1
967,-0.32,2.51,0,0,0,2
968,0.7,2.76,0,1,1,1
969,-0.33,2.54,0,0,1,1
970,-0.38,3.05,0,3,1,5
971,0.69,2.59,2,0,3,0
972,0.9,2.57,3,0,6,1
973,0.4,3.39,1,0,2,0
974,0.64,3.33,0,0,3,1
975,0.83,2.83,0,0,1,0
976,0.94,3.33,0,0,3,0
977,0.99,2.85,0,0,1,0
978,-0.12,2.71,0,0,2,0
979,-0.38,2.35,0,0,1,1
980,0.18,2.93,0,1,1,2
981,0.18,2.58,1,0,1,1
982,-0.56,2.73,1,0,2,0
983,1.09,2.89,1,1,2,2
984,0.31,2.25,1,1,3,2
985,1.55,3.24,1,0,4,0
986,0.89,3.14,0,0,1,0
987,-0.42,3.06,1,0,2,0
988,0.21,1.98,1,0,1,0
989,0.77,2.97,0,0,2,1
990,0.45,2.88,1,1,3,1
991,-0.16,2.8,1,1,1,2
992,1.35,2.78,1,1,1,1
993,0.07,2.75,0,2,0,2
994,0.65,2.83,1,0,1,0
995,0.16,2.65,1,1,2,1
996,-0.52,2.86,0,0,1,0
997,0.24,2.59,1,0,1,1
998,-0.44,2.58,0,0,0,1
999,1.79,3.31,0,0,2,0
1000,0.75,2.77,0,0,1,0
1001,0.68,2.06,0,0,0,0
1002,1.32,2.56,0,0,0,0
1003,1.94,3.25,1,0,2,0
1004,0.8,2.92,0,1,1,1
1005,1.55,3.09,0,0,1,0
1006,0.35,2.64,0,1,1,3
1007,-0.42,2.45,0,0,1,0
1008,-0.99,2.43,0,3,0,4
1009,-0.35,2.72,0,1,0,1
1010,1.23,2.84,0,0,2,1
1011,0.28,2.36,1,2,1,2
1012,0.07,2.26,0,1,2,1
1013,0.96,3.05,0,0,2,0
1014,1.07,2.36,0,1,1,1
1015,0.02,2.24,0,2,0,4
1016,0.54,2.38,0,0,0,0
1017,-0.76,2.5,0,2,2,5
1018,-0.86,2.69,0,0,1,0
1019,-1.52,3.18,0,2,0,2
1020,0.68,2.76,0,1,2,1
1021,-0.11,2.29,0,1,0,1
1022,1.02,2.23,0,0,1,0
1023,-0.44,2.31,0,0,0,0
1024,0.24,2.88,0,2,0,2
1025,0.05,2.45,0,1,0,1
1026,1.31,3.05,1,0,4,1
1027,0.37,2.14,0,0,1,1
1028,-0.21,2.95,1,0,5,0
1029,-1.29,2.88,0,0,0,2
1030,0.72,2.75,2,0,3,2
1031,-0.11,3.01,0,3,1,3
1032,0.85,3.02,0,1,0,1
1033,0.93,2.84,2,0,2,0
1034,0.63,2.74,1,0,1,0
1035,0.27,2.83,0,0,0,0
1036,0.36,2.78,0,2,0,2
1037,1.1,2.46,0,0,0,0
1038,0.29,2.99,1,0,1,1
1039,0.37,2.48,1,1,2,3
1040,1.38,2.98,1,0,4,0
1041,0.16,2.5,2,0,2,0
1042,1.78,3.14,0,0,0,0
1043,-0.81,2.9,0,0,0,0
1044,0.97,2.3,3,0,5,1
1045,0.75,2.79,1,1,2,1
1046,-0.31,2.88,2,0,3,1
1047,0.76,3.08,1,1,3,3
1048,0.73,2.38,0,0,2,0
1049,0.37,2.49,0,0,1,0
1050,1.5,3.17,2,0,5,0
1051,0.5,2.63,2,0,4,0
1052,0.14,2.65,0,0,0,2
1053,-0.02,2.31,0,0,0,2
1054,-1.64,2.72,1,1,1,2
1055,0.76,2.85,1,0,3,0
1056,0.15,2.48,0,1,0,1
1057,0.45,2.45,0,0,1,0
1058,0.41,3.18,0,0,1,0
1059,0.48,2.75,1,1,1,1
1060,-0.08,2.93,1,0,1,0
1061,0.45,2.81,0,0,0,0
1062,0.22,2.55,2,0,3,1
1063,1.7,2.84,2,1,2,2
1064,0.37,2.91,1,1,5,3
1065,0.74,2.6,0,0,1,1
1066,-1.26,2.42,0,0,0,1
1067,-0.52,2.77,0,0,0,1
1068,1.1,3.18,1,1,1,1
1069,-0.16,3.14,2,0,2,0
1070,1.33,3.1,0,0,0,3
1071,0.25,2.7,0,2,4,2
1072,-0.33,2.8,0,0,1,0
1073,0.38,2.52,1,0,2,0
1074,0.92,2.9,0,1,1,1
1075,0.23,2.42,1,0,3,0
1076,0.46,2.66,2,0,4,0
1077,1.08,2.69,1,1,3,1
1078,0.34,3.13,0,0,0,1
1079,0.14,2.78,0,1,0,1
1080,1.18,2.67,1,0,1,1
1081,1.46,2.46,0,0,1,0
1082,-1.18,3.08,0,3,1,5
1083,0.3,2.28,0,0,1,1
1084,-0.9,2.92,0,0,1,2
1085,-0.45,2.66,0,1,1,2
1086,-0.28,2.4,0,0,1,0
1087,-0.45,2.79,0,1,0,1
1088,-0.03,2.52,0,1,1,3
1089,-0.38,3.05,0,1,0,1
1090,-0.7,2.9,1,3,2,4
1091,0.03,2.68,0,0,0,1
1092,1.64,3.34,4,0,7,0
1093,0.64,2.92,1,0,1,0
1094,-0.2,2.71,0,1,0,1
1095,0.11,2.75,1,1,1,1
1096,0.85,2.78,1,1,5,2
1097,0.3,2.13,1,0,1,0
1098,0.47,2.34,0,0,0,2
1099,0.39,2.02,0,1,0,2
1100,-0.84,2.44,0,1,0,1
1101,1.11,3.14,0,0,3,0
1102,0.18,2.75,1,1,2,3
1103,0.1,2.59,0,0,0,1
1104,0.6,2.58,1,1,1,1
1105,1.02,2.38,1,1,1,1
1106,1.55,2.87,2,1,3,2
1107,1.37,2.33,0,0,2,0
1108,1.12,2.69,1,0,3,1
1109,-0.28,3.27,2,0,2,1
1110,0.42,2.66,1,0,1,0
1111,0.11,2.71,0,1,0,1
1112,1.55,3.01,1,0,4,0
1113,0.17,2.33,0,1,1,2
1114,0.66,3.04,2,0,4,0
1115,-0.16,2.99,0,0,1,1
1116,0.71,2.84,1,0,3,0
1117,-0.52,2.29,0,0,1,0
1118,0.62,2.85,1,2,2,2
1119,0.68,2.39,1,0,2,0
1120,0.96,2.15,0,0,0,1
1121,0.18,2.49,1,1,1,1
1122,0.31,2.44,2,0,3,0
1123,0.79,2.69,0,2,2,3
1124,0.18,2.68,1,1,1,2
1125,0.32,2.31,1,0,2,1
1126,0.92,2.93,0,0,0,2
1127,1.12,2.16,0,1,0,1
1128,-0.26,2.38,1,0,1,1
1129,1.42,3.03,2,0,4,0
1130,-0.47,2.72,0,1,0,1
1131,1,2.96,1,0,1,0
1132,-1.14,2.55,0,1,0,3
1133,0.78,2.55,0,0,1,0
1134,0.17,2.51,0,0,0,1
1135,0.27,2.23,0,0,1,0
1136,-0.53,2.35,1,1,1,1
1137,1,3.31,2,0,2,0
1138,0.05,2.16,2,2,2,2
1139,0.49,2.45,0,1,0,1
1140,-1.5,2.81,0,2,0,2
1141,0.15,2.49,0,0,2,1
1142,1.96,3,3,1,4,3
1143,1.06,2.49,1,1,2,1
1144,1.62,2.84,2,0,3,0
1145,-0.15,2.53,2,1,4,4
1146,0.88,3.34,0,1,1,1
1147,0.78,2.38,1,1,1,2
1148,0.49,3.03,0,1,1,2
1149,-0.28,2.29,1,0,2,0
1150,0.15,2.7,1,3,1,3
1151,-0.33,2.13,0,0,1,0
1152,-0.24,3.36,2,1,3,2
1153,0.37,2.72,0,0,0,0
1154,0.42,2.5,1,0,3,1
1155,1.25,2.79,1,0,3,1
1156,1.06,2.7,2,1,2,2
1157,-1.24,3.13,0,2,0,3
1158,1.6,3.08,0,1,1,1
1159,0.2,2.21,1,2,2,2
1160,0.44,2.2,2,0,4,1
1161,-1.37,3.02,0,2,0,4
1162,-0.84,2.65,2,0,5,1
1163,0.26,3.12,0,1,1,4
1164,0.5,2.33,2,0,3,1
1165,0.98,2.67,2,0,5,1
1166,-0.32,2.41,0,2,0,2
1167,0.05,2.82,0,2,2,4
1168,0.12,3.06,0,1,1,1
1169,1.02,2.47,0,0,0,0
1170,-0.04,2.79,1,0,2,3
1171,-0.05,2.44,0,0,0,1
1172,0.02,2.87,2,0,2,1
1173,0.11,2.18,0,0,0,0
1174,0.34,3.28,0,3,0,3
1175,0.63,2.36,1,0,2,1
1176,1.01,3.25,3,0,3,0
1177,0.74,2.7,0,0,0,1
1178,-0.53,2.22,0,0,1,2
1179,0.53,2.47,0,0,0,0
1180,1.1,2.88,1,0,3,0
1181,-0.28,3.21,0,0,1,1
1182,0.56,2.72,0,0,0,1
1183,0.95,2.79,1,1,1,1
1184,0.34,2.91,0,1,1,1
1185,-1.46,2.88,0,0,1,0
1186,1.92,2.78,2,1,3,1
1187,0.29,2.69,0,0,0,0
1188,0.51,2.69,2,1,3,1
1189,-0.79,2.8,0,1,0,2
1190,0.63,2.33,0,0,1,0
1191,-1.09,3.04,2,0,3,2
1192,1.3,2.54,0,1,2,2
1193,1.41,2.86,2,0,3,1
1194,-0.49,2.91,2,1,2,3
1195,1.29,2.79,0,0,0,1
1196,-0.32,2.71,0,0,0,0
1197,0.34,2.15,2,1,2,1
1198,0.08,2.57,1,0,1,3
1199,0.09,2.9,0,0,0,0
1200,0.34,2.23,1,0,1,0
1201,0.09,3.2,1,1,3,2
1202,-0.05,2.41,1,0,1,1
1203,1.12,2.89,1,1,1,1
1204,0.18,2.52,0,0,0,1
1205,-0.23,2.1,0,1,0,2
1206,0.43,2.39,0,2,1,3
1207,1.47,3.34,0,0,0,1
1208,-1.09,3.17,0,0,0,1
1209,0.59,2.23,0,2,0,3
1210,0.34,2,0,0,1,1
1211,0.01,2.95,1,1,4,1
1212,0.43,2.4,0,0,1,0
1213,-0.43,3.01,0,1,0,1
1214,-0.33,2.71,0,0,1,0
1215,-0.08,2.8,0,0,1,1
1216,0.58,3.23,0,0,1,1
1217,0.61,2.86,0,1,1,1
1218,1.09,3.38,3,1,4,1
1219,0.57,2.39,0,0,0,0
1220,0.14,2.67,0,0,1,1
1221,0.56,2.23,1,0,3,1
1222,0.74,2.88,2,1,3,3
1223,0.22,2.58,0,0,0,0
1224,1.49,3.03,1,1,3,2
1225,0.43,2.44,0,0,2,0
1226,-0.42,2.82,0,0,1,0
1227,1.41,2.78,0,0,1,0
1228,0.13,2.52,0,0,0,1
1229,0.96,2.96,0,0,1,0
1230,1.46,2.92,1,0,2,0
1231,0.27,2.5,1,1,2,2
1232,1.15,2.07,0,0,1,0
1233,-1.49,3.08,2,4,2,4
1234,0.22,2.65,0,4,0,4
1235,0.4,2.6,2,0,2,1
1236,-0.09,2.3,1,0,1,1
1237,1.09,3.02,2,1,2,2
1238,-0.46,2.37,0,1,0,2
1239,0.1,2.48,2,1,3,1
1240,0.46,3.05,0,0,0,1
1241,-0.73,2.74,1,0,1,0
1242,0.96,2.88,1,0,4,2
1243,0.48,2.62,3,0,4,0
1244,0.53,2.47,1,0,1,1
1245,-0.05,2.44,0,1,2,3
1246,0.65,2.33,0,0,1,1
1247,0.81,2.92,0,0,0,0
1248,1.78,3.29,3,1,4,1
1249,0.5,2.56,0,0,2,0
1250,-0.15,2.46,0,1,0,1
1251,0.38,2.33,0,0,0,2
1252,-0.01,2.62,1,0,3,0
1253,0.68,2.69,0,0,0,0
1254,0.5,2.28,0,0,1,1
1255,0.3,2.49,0,0,2,1
1256,-0.47,2.67,1,0,3,0
1257,0.17,2.92,1,1,2,2
1258,0.51,2.45,0,0,0,2
1259,-0.11,2.71,2,1,2,1
1260,0.76,2.98,0,0,2,1
1261,0.37,3.22,0,1,1,2
1262,-0.47,2.58,0,0,2,1
1263,0.63,2.68,0,1,0,1
1264,0.17,2.65,1,0,1,1
1265,0.41,2.68,1,2,1,3
1266,0.07,2.93,0,0,2,0
1267,0.65,2.48,0,0,0,1
1268,0.23,2.64,0,0,1,1
1269,-0.47,2.4,0,1,0,1
1270,-0.1,2.63,0,2,0,2
1271,-0.44,2.48,0,0,0,1
1272,1.41,2.88,0,0,0,0
1273,0.13,2.3,0,0,1,2
1274,-0.22,2.74,0,0,2,3
1275,0.16,2.55,0,0,0,1
1276,0.75,3.11,0,0,0,0
1277,0.07,2.94,1,1,1,2
1278,0.4,2.71,0,0,0,1
1279,0.28,3.16,1,1,1,2
1280,0.08,2.54,0,0,0,1
1281,0.54,2.65,2,0,3,0
1282,-0.06,2.44,0,0,1,0
1283,0.41,2.68,0,1,0,3
1284,0.9,2.78,1,2,2,2
1285,0.36,2.45,1,0,2,1
1286,0.34,2.48,0,0,1,0
1287,-0.3,2.16,0,1,0,1
1288,1.24,2.56,0,1,0,2
1289,0.95,2.78,0,2,1,2
1290,0.06,2.65,0,1,2,2
1291,0.23,2.83,0,1,0,1
1292,0.8,3.17,1,0,1,0
1293,0.15,2.39,0,1,2,1
1294,-0.24,2.87,1,0,2,0
1295,0.24,3.01,0,1,0,1
1296,0.28,2.37,1,0,2,0
1297,0.31,2.88,0,2,0,4
1298,0.46,2.57,0,0,0,0
1299,0.82,3.28,0,1,1,2
1300,0.53,2.87,0,1,1,2
1301,-0.03,2.77,1,0,2,1
1302,-0.4,2.63,1,0,2,2
1303,0.76,2.76,0,0,0,0
1304,0.5,3.23,4,1,4,1
1305,-0.76,2.9,1,0,1,2
1306,0,2.55,0,1,1,3
1307,-0.22,2.96,1,0,1,0
1308,0.8,3.07,1,0,1,0
1309,0.15,3.2,0,0,1,0
1310,1.18,2.19,0,1,0,4
1311,0.92,2.88,0,2,1,2
1312,0.88,2.49,1,0,5,0
1313,0.22,2.73,1,1,1,1
1314,1.83,3.38,2,0,3,0
1315,0.31,2.34,2,2,3,2
1316,0.51,2.57,1,0,1,0
1317,-1.46,2.42,0,2,0,2
1318,0.62,3.23,0,1,1,2
1319,0.84,2.35,2,0,3,0
1320,-0.2,2.22,0,0,1,0
1321,-0.31,1.94,0,1,0,3
1322,0.99,3.06,0,0,1,1
1323,0.65,2.29,0,0,0,1
1324,0.02,2.42,0,3,2,3
1325,0.77,2.46,0,0,1,0
1326,0.54,2.25,1,0,1,0
1327,1.32,3.13,1,0,3,1
1328,-0.1,2.6,2,0,4,3
1329,-1.23,3.13,0,2,0,5
1330,0.89,3.12,0,0,2,0
1331,0.23,2.57,0,1,0,2
1332,1.45,2.76,2,1,2,1
1333,-0.22,2.78,0,4,1,5
1334,-0.05,2.67,0,0,0,1
1335,0.21,2.51,1,0,1,0
1336,1.04,3.05,3,2,3,2
1337,0.9,2.56,0,0,0,0
1338,0.45,2.82,0,2,0,5
1339,0.21,2.64,2,0,3,1
1340,1.23,2.65,1,1,3,1
1341,1.13,2.29,1,0,1,1
1342,-0.13,2.69,0,2,0,4
1343,-0.92,2.75,0,2,1,2
1344,-0.11,3.29,1,1,1,1
1345,0.42,2.52,0,0,0,0
1346,0.52,2.25,0,1,0,1
1347,-0.11,2.84,0,0,0,0
1348,1.72,3.12,0,0,1,0
1349,0.29,2.48,0,0,1,0
1350,0.78,2.88,2,0,2,0
1351,0.06,2.89,1,1,3,1
1352,0.33,2.26,0,1,0,2
1353,-1.4,3.24,0,1,0,3
1354,1.55,2.63,0,0,0,0
1355,1.8,2.91,2,0,2,1
1356,0.23,2.34,0,0,0,1
1357,1.23,3.31,2,0,2,0
1358,-0.07,2.49,0,1,0,1
1359,-0.04,2.75,4,1,5,2
1360,0.53,2.65,0,0,1,1
1361,1.01,3.05,0,0,0,1
1362,0.23,2.17,0,0,1,1
1363,0.8,2.63,0,1,2,2
1364,0.02,2.25,0,0,0,0
1365,0.02,2.2,0,1,1,2
1366,0.46,2.79,1,1,3,1
1367,0.99,2.54,1,0,3,0
1368,0.67,3.19,0,1,2,3
1369,0.41,2.91,0,0,1,1
1370,0.1,2.41,0,2,3,2
1371,0.24,2.73,1,0,1,0
1372,0.32,2.2,0,1,0,1
1373,-0.08,2.62,0,0,0,1
1374,-1.23,2.78,0,0,1,1
1375,0.6,2.92,0,0,1,1
1376,-0.51,3.33,2,0,5,1
1377,-0.19,2.56,0,1,0,1
1378,-1.38,2.56,0,2,0,3
1379,0.38,2.33,0,2,0,2
1380,0.92,3,3,0,6,0
1381,-0.72,2.65,0,0,0,2
1382,-0.02,3.23,0,1,1,4
1383,0.45,2.33,0,0,0,0
1384,-0.64,3.2,0,1,0,4
1385,0.19,2.48,1,2,4,4
1386,0.31,2.89,2,1,6,1
1387,1.32,2.99,3,0,4,0
1388,1.93,2.86,0,0,1,1
1389,0.11,2.63,0,1,1,1
1390,0.68,2.36,0,0,0,0
1391,0.32,2.99,0,0,1,0
1392,0.31,2.29,2,1,2,1
1393,0.75,2.66,0,0,0,1
1394,1.92,3.29,1,0,1,0
1395,-0.66,3.07,0,0,0,0
1396,0.12,2.59,0,0,1,1
1397,-0.73,3.19,1,1,2,1
1398,0.43,2.28,1,0,2,1
1399,-0.2,2.66,1,2,1,2
1400,0.06,2.29,0,2,1,3
1401,0.28,2.88,0,0,0,0
1402,1.36,3.08,0,0,1,2
1403,0.08,2.6,0,0,1,0
1404,-0.15,2.76,0,0,2,1
1405,0.16,2.34,1,0,3,0
1406,0.33,2.94,1,0,2,0
1407,0.36,3.21,0,2,3,2
1408,0.3,2.23,1,0,2,1
1409,0.75,2.3,1,0,1,0
1410,-0.46,2.77,1,0,1,2
1411,0.47,2.25,0,1,2,1
1412,1.45,2.75,1,0,2,1
1413,-0.13,2.91,2,1,2,2
1414,0.2,2.5,1,0,2,0
1415,0.87,2.43,2,0,6,0
1416,0.78,2.54,0,1,1,3
1417,0.77,2.81,0,0,0,1
1418,0.11,3.2,1,0,1,1
1419,1.18,3.33,0,1,1,1
1420,1.22,2.82,0,0,2,1
1421,-0.45,2.46,1,0,1,5
1422,0.48,2.58,1,0,2,0
1423,0.02,2.16,0,0,1,0
1424,0.36,2.94,1,2,3,3
1425,0.49,2.34,1,0,1,1
1426,-0.7,2.88,1,0,1,2
1427,-0.17,2.47,1,1,1,2
1428,-0.11,2.34,1,1,1,1
1429,-0.2,3,1,0,3,2
1430,-0.02,2.59,0,1,1,1
1431,-0.87,2.63,0,0,0,0
1432,1.54,2.8,2,0,5,1
1433,-0.07,2.3,0,1,1,1
1434,-0.21,2.84,1,0,2,0
1435,0.5,2.2,0,0,1,0
1436,0.76,3.01,0,0,1,0
1437,1.22,2.59,0,1,0,1
1438,-0.72,2.77,0,1,1,3
1439,1.6,2.85,2,0,3,1
1440,1.03,2.59,1,0,1,0
1441,1.92,3.08,0,0,1,0
1442,1.28,2.96,1,0,2,0
1443,0.49,2.19,1,0,4,1
1444,1.95,3.06,2,1,4,2
1445,-0.29,2.63,0,1,1,1
1446,0.95,2.25,0,0,1,0
1447,0.27,2.51,2,0,3,0
1448,-0.12,2.58,1,1,1,2
1449,0.19,2.13,0,0,2,1
1450,0.58,2.23,1,0,1,0
1451,-0.32,2.5,0,0,3,1
1452,0.03,2.64,1,0,1,0
1453,-1.13,2.64,0,2,0,2
1454,0.34,2.62,1,2,1,3
1455,-0.04,2.47,0,0,0,2
1456,-0.97,3.1,0,2,0,3
1457,0.6,3.33,0,1,1,3
1458,1.18,2.6,0,0,0,0
1459,-0.5,2.45,0,1,1,1
1460,0.83,2.56,1,1,1,1
1461,0.13,2.46,2,0,3,0
1462,0.66,2.36,0,1,1,2
1463,0.4,3.09,0,1,0,2
1464,0.34,2.81,2,1,4,2
1465,-1.71,3.01,0,0,0,0
1466,0,2.78,0,1,2,1
1467,0.52,2.68,1,0,1,0
1468,-0.15,2.73,1,0,1,2
1469,-1.48,3.25,0,0,2,2
1470,-1.03,2.67,0,0,0,1
1471,-0.01,2.65,0,0,1,0
1472,0.48,3.02,2,0,3,2
1473,0.23,2.43,0,2,1,3
1474,0.49,3.03,1,0,2,2
1475,-0.1,2.33,0,1,0,2
1476,0.96,3.04,3,1,5,1
1477,0.75,2.44,0,0,0,1
1478,-0.32,2.59,0,1,0,1
1479,0.51,2.55,1,0,1,1
1480,1.23,3.17,0,0,0,0
1481,0.16,2.71,1,0,1,1
1482,-0.46,2.58,0,1,2,2
1483,0.87,2.46,0,0,1,0
1484,0.15,2.34,0,0,1,1
1485,1.04,2.7,2,0,2,1
1486,1.74,3.01,0,1,1,2
1487,1.35,2.52,1,1,4,2
1488,0.11,2.58,0,1,1,2
1489,0.53,3.02,1,0,3,0
1490,1.82,2.85,0,0,2,0
1491,0.11,3.15,0,1,3,1
1492,-0.12,2.68,0,1,0,2
1493,0.13,2.27,0,0,1,0
1494,0.62,3.14,0,1,1,2
1495,-0.07,2.21,0,1,0,3
1496,1.04,2.75,2,1,5,1
1497,0.22,2.84,2,0,4,0
1498,0.73,2.29,1,0,1,0
1499,-1.44,3.03,0,1,0,2
1500,0.15,2.19,1,0,2,0
1501,0.78,2.27,0,1,1,1
1502,0.58,2.64,0,0,2,0
1503,1.61,3.04,1,0,1,0
1504,0.12,2.5,2,2,2,4
1505,0.34,2.21,0,1,2,2
1506,0.66,2.3,1,1,1,2
1507,0.11,2.65,0,1,0,2
1508,0.71,2.42,0,0,1,2
1509,0.89,2.58,0,0,0,0
1510,0.09,2.41,0,0,1,0
1511,0.44,2.94,1,1,5,1
1512,0.06,2.32,1,0,2,1
1513,0.41,2.52,2,0,2,1
1514,-0.26,3.07,0,0,1,0
1515,0.23,2.13,1,1,1,1
1516,0.25,3.1,1,0,1,1
1517,-0.51,2.74,0,0,3,1
1518,1.71,3.11,2,0,2,1
1519,1,3.07,1,0,2,0
1520,0.72,2.6,1,0,2,1
1521,0.32,2.67,0,0,1,0
1522,0.73,2.46,0,1,1,1
1523,0.7,2.71,0,0,1,0
1524,-0.52,2.62,1,0,1,0
1525,0.5,3.03,0,0,0,0
1526,0.72,2.9,1,0,3,0
1527,0.37,2.34,0,0,0,0
1528,0.84,2.81,0,1,0,3
1529,1.4,2.78,2,1,4,1
1530,0.38,2.65,1,0,3,0
1531,0.61,2.34,0,1,0,1
1532,-0.95,2.88,0,1,0,1
1533,0.16,2.4,0,2,2,2
1534,-0.34,2.75,0,1,3,2
1535,0.55,2.38,1,0,1,1
1536,0.18,2.93,0,0,0,0
1537,0.14,2.33,0,0,0,0
1538,-0.18,2.87,2,0,2,1
1539,-0.8,2.55,1,0,1,0
1540,0.54,2.47,0,0,1,1
1541,0.43,2.8,0,0,0,0
1542,-0.08,2.38,0,0,0,0
1543,0.87,2.34,1,1,2,1
1544,-0.1,2.65,0,1,1,2
1545,0.19,2.49,0,0,0,0
1546,-0.35,2.7,3,0,4,1
1547,-0.04,3.12,0,0,2,1
1548,-0.23,3.05,0,0,2,0
1549,-0.15,2.9,0,1,1,1
1550,-0.08,2.5,2,0,2,0
1551,0.76,2.67,0,0,3,1
1552,-0.75,2.44,0,0,0,2
1553,1.14,2.38,0,0,0,0
1554,0.87,2.43,0,0,1,0
1555,-0.22,3.01,2,0,3,2
1556,0.2,2.86,3,1,4,1
1557,-0.68,2.21,0,0,1,1
1558,0.53,2.64,1,0,1,1
1559,-0.07,2.65,1,1,1,1
1560,0.16,2.16,1,0,1,0
1561,-0.8,2.46,0,0,0,0
1562,-0.18,2.79,2,0,6,1
1563,0.15,2.62,4,0,5,0
1564,0.75,3.02,0,0,2,1
1565,0.53,2.9,0,1,2,1
1566,0.15,1.98,0,0,0,0
1567,0.72,2.83,1,0,3,0
1568,0.59,2.99,0,0,1,0
1569,0.18,2.43,0,0,1,2
1570,0.4,2.9,1,0,1,0
1571,0.06,2.26,0,0,0,0
1572,0.91,2.78,1,0,2,1
1573,0.26,2.56,1,1,2,1
1574,0.9,3.17,0,1,1,2
1575,-0.03,2.47,0,0,1,0
1576,0.61,2.92,1,1,1,3
1577,0.99,2.84,2,0,3,0
1578,0.71,2.52,0,0,2,1
1579,0.17,2.58,0,1,2,1
1580,-0.29,2.37,1,2,2,2
1581,0.82,2.44,3,0,4,1
1582,0.53,2.6,1,1,1,2
1583,-0.41,3.15,0,0,1,0
1584,0.99,3.08,0,0,3,0
1585,0.36,2.39,0,0,1,0
1586,1.11,2.88,1,1,2,1
1587,0.22,2.86,1,0,2,0
1588,0.4,2.31,1,0,2,0
1589,0.79,2.69,0,0,3,0
1590,-0.06,2.31,1,0,1,0
1591,-0.15,2.89,1,0,1,1
1592,0.49,2.94,0,0,0,0
1593,-1.23,3.22,1,1,1,3
1594,0.39,2.61,0,2,0,4
1595,-1.12,3.37,0,3,2,3
1596,0.08,3,1,2,3,3
1597,-1.08,3.03,0,1,0,2
1598,0.29,2.63,0,0,1,0
1599,1.15,2.52,0,0,2,1
1600,0.33,2.48,1,1,1,2
1601,0.49,2.83,0,0,1,0
1602,0.62,2.64,0,1,0,3
1603,-0.15,2.75,0,1,0,2
1604,0.72,2.69,0,0,1,1
1605,0.75,2.22,0,0,0,0
1606,-0.04,2.53,1,1,1,2
1607,1.61,2.64,0,0,3,0
1608,1.19,2.29,2,0,2,0
1609,0.55,2.85,1,0,2,0
1610,0.28,2.43,1,1,2,1
1611,1.95,2.76,4,0,4,1
1612,0.66,2.76,1,0,2,2
1613,-0.08,2.42,0,0,2,0
1614,0.32,2.92,1,0,2,0
1615,0.39,2.4,1,1,3,2
1616,0.07,2.61,0,0,0,0
1617,0.89,2.79,2,1,2,1
1618,1.22,3.13,1,0,2,0
1619,-0.5,2.92,0,0,0,0
1620,0.69,2.31,1,0,2,0
1621,0.36,2.64,0,0,0,0
1622,1.17,2.73,0,0,2,0
1623,-0.8,2.8,1,1,1,2
1624,-0.3,2.51,0,0,0,0
1625,0.11,2.81,1,0,1,1
1626,1.07,2.88,1,0,1,1
1627,0.06,3.34,0,0,2,2
1628,0.15,2.56,1,0,1,0
1629,-0.24,2.7,2,2,3,3
1630,0.79,2.71,1,0,3,0
1631,-0.59,2.87,2,0,2,0
1632,1.42,2.71,1,0,1,0
1633,1.36,2.77,1,1,1,2
1634,0.42,2.45,2,0,4,0
1635,-0.43,2.96,1,0,1,1
1636,0.13,2.95,2,1,3,1
1637,-1.02,2.84,0,0,0,2
1638,0.45,2.74,0,0,2,0
1639,-0.22,2.4,0,1,0,3
1640,-0.37,2.37,1,1,2,1
1641,0.54,2.8,0,0,1,0
1642,1.16,2.63,2,1,3,3
1643,0.01,2.33,3,2,3,3
1644,0.28,2.58,0,0,1,2
1645,0.77,2.65,0,1,1,2
1646,-0.41,3.16,0,0,1,2
1647,0.34,2.43,0,0,1,0
1648,0.51,3.25,1,1,5,1
1649,0.33,2.95,0,0,0,0
1650,-0.4,2.5,1,1,1,2
1651,0.68,2.85,1,2,2,3
1652,0.95,2.37,2,0,2,1
1653,0.36,2.33,0,0,2,1
1654,0.41,2.92,2,0,3,0
1655,0.3,2.79,2,0,2,1
1656,1.06,2.95,1,0,3,0
1657,1.08,2.51,1,0,1,0
1658,-0.22,3.12,1,0,2,1
1659,-0.26,2.72,0,0,0,0
1660,-1.38,3,0,2,0,5
1661,-1.37,3.26,0,0,0,3
1662,-0.74,2.91,1,1,1,2
1663,0.66,2.9,1,1,3,2
1664,0.37,2.55,1,0,2,1
1665,0.98,3.05,3,1,6,4
1666,0.09,2.59,0,0,3,2
1667,0.53,2.6,1,0,2,3
1668,0.63,2.4,1,0,2,0
1669,-0.09,2.58,1,3,2,3
1670,1.58,3.12,1,1,1,2
1671,0.27,2.19,0,0,0,0
1672,0.68,2.17,1,0,1,0
1673,0.81,2.33,1,0,2,0
1674,-0.53,2.54,0,0,0,0
1675,-0.77,2.84,0,0,1,1
1676,0.34,3.03,1,1,3,2
1677,-0.53,2.49,0,1,0,2
1678,-0.21,2.97,0,0,0,1
1679,-0.11,3.18,2,1,4,1
1680,-0.07,2.5,2,0,3,0
1681,1,2.45,2,0,3,0
1682,1.34,2.94,3,0,4,1
1683,0.36,2.78,1,0,3,2
1684,1.71,2.7,1,0,1,1
1685,0.82,2.79,0,0,0,0
1686,0.06,2.44,0,0,0,0
1687,1.24,3.28,1,0,5,0
1688,0.32,2.5,0,0,0,2
1689,2,3.14,1,0,2,1
1690,0.16,2.88,0,1,0,2
1691,-0.61,2.76,1,1,3,2
1692,-0.48,3.29,2,0,4,0
1693,1.49,2.59,5,0,6,0
1694,0.06,2.62,2,0,3,1
1695,0.01,2.37,1,1,1,2
1696,0.06,2.63,0,0,2,3
1697,1.42,2.43,0,0,0,0
1698,0.87,2.25,0,0,3,0
1699,-0.86,2.33,1,0,1,1
1700,1.16,2.54,0,1,1,1
1701,1.13,3.01,1,1,4,1
1702,0.91,2.95,0,0,0,1
1703,-0.49,2.61,0,1,1,2
1704,1.73,3.28,1,0,3,0
1705,0.19,2.5,1,1,3,2
1706,-0.11,2.6,0,2,0,4
1707,-1.53,3.33,0,1,0,2
1708,1.15,2.8,0,0,1,0
1709,0.92,3.04,1,0,1,2
1710,0.35,2.57,0,0,0,0
1711,0.74,2.47,1,0,1,0
1712,-1.19,2.89,1,2,2,2
1713,-0.57,3.23,1,0,4,0
1714,0.47,2.61,0,0,1,2
1715,0.63,2.51,0,0,0,1
1716,0.37,2.4,0,0,1,0
1717,0.08,2.55,0,2,1,2
1718,-0.88,3.28,0,1,2,2
1719,-0.37,2.58,0,1,1,1
1720,0.13,3.14,2,0,3,0
1721,0.8,3.08,0,1,0,2
1722,-1.59,3.27,0,3,1,5
1723,0.07,2.67,0,1,0,3
1724,-0.01,2.25,2,0,3,1
1725,-0.67,3.1,0,0,0,1
1726,0.2,3,0,0,0,0
1727,-0.93,2.67,0,0,0,0
1728,-0.44,2.75,1,0,3,0
1729,-1.14,2.7,0,0,0,1
1730,-0.95,2.72,1,1,1,3
1731,0.44,2.67,0,2,0,2
1732,0.18,2.63,0,0,1,0
1733,-0.04,2.98,1,1,1,2
1734,0.59,2.54,1,1,1,1
1735,0.86,2.33,1,0,1,0
1736,1.58,2.91,2,0,2,0
1737,0.27,2.3,0,1,1,2
1738,0.37,2.29,1,0,2,1
1739,0.05,2.72,1,0,2,0
1740,-0.31,2.38,3,1,4,1
1741,0.28,3.36,1,1,2,1
1742,0.39,3.13,0,0,0,0
1743,0.81,2.92,1,0,2,0
1744,-1.36,2.59,0,0,0,0
1745,-0.02,2.64,0,0,0,1
1746,0.76,2.73,3,0,4,0
1747,-0.35,2.33,2,0,2,1
1748,0.3,2.65,0,1,0,3
1749,-0.27,2.66,0,1,0,1
1750,-0.05,3.24,0,1,1,1
1751,0.51,2.5,0,0,1,2
1752,-0.09,2.96,1,1,1,1
1753,-0.36,2.72,2,0,2,1
1754,0.1,2.37,0,0,0,0
1755,0.49,2.22,0,3,1,3
1756,1.02,3.06,0,0,2,1
1757,-0.75,3.03,0,0,1,0
1758,-0.04,2.81,1,2,2,3
1759,0.7,2.46,0,0,0,0
1760,0.59,2.32,1,0,1,1
1761,-0.67,2.46,0,0,0,1
1762,0.56,2.62,2,0,3,0
1763,0.66,2.51,1,0,2,1
1764,1.8,2.97,0,0,0,0
1765,1.17,3.21,2,1,4,1
1766,-0.43,2.32,0,1,1,1
1767,0.97,2.3,0,0,0,1
1768,1,2.84,0,0,1,0
1769,1.04,2.55,1,0,1,2
1770,0.79,2.68,2,0,2,0
1771,1.13,3.35,1,1,2,1
1772,-0.08,2.52,0,0,1,1
1773,0.44,3.18,2,0,4,1
1774,-0.16,2.48,0,0,1,0
1775,0.35,3.08,1,0,3,1
1776,0.43,2.27,0,0,0,0
1777,1.39,2.93,1,1,1,1
1778,0.27,2.71,1,1,1,2
1779,0.21,3.06,0,0,0,1
1780,-0.15,2.74,0,2,1,2
1781,-0.75,2.91,0,0,0,2
1782,0.15,2.99,0,1,1,1
1783,-1.21,3.33,1,0,1,1
1784,0,3.27,0,0,1,0
1785,0.34,2.18,1,0,5,1
1786,0.17,2.65,0,1,0,3
1787,-0.03,2.81,1,1,2,1
1788,0.05,2.32,1,1,3,2
1789,1.28,2.96,1,0,2,2
1790,-0.63,3.06,1,0,2,1
1791,0.21,2.69,0,0,0,0
1792,1.14,3.19,0,0,3,0
1793,1.01,2.2,0,0,0,0
1794,0.91,2.79,1,0,2,0
1795,0.66,2.39,0,1,0,1
1796,0.01,2.41,0,2,0,4
1797,-0.04,3.36,1,0,1,1
1798,-0.14,2.67,0,2,0,2
1799,1.17,3.22,0,0,0,1
1800,0.83,2.88,2,2,4,2
1801,0.11,2.3,1,2,3,4
1802,0.5,2.84,0,0,0,1
1803,0.26,3.25,0,2,0,3
1804,1.13,2.73,1,0,3,0
1805,0.52,2.32,2,0,2,0
1806,1.14,2.93,1,1,2,1
1807,-0.99,2.38,2,0,2,1
1808,-0.16,2.83,0,1,0,3
1809,-0.33,2.58,0,0,0,1
1810,0.16,2.62,0,0,1,0
1811,0.5,2.28,0,0,2,0
1812,0.02,2.89,0,1,0,1
1813,1.57,2.71,1,0,3,0
1814,1.29,3.01,4,0,6,2
1815,0.74,2.66,1,0,2,1
1816,-0.25,3.12,4,1,5,1
1817,0.36,2.4,0,0,2,0
1818,0.28,3.11,1,0,4,1
1819,0.18,2.24,0,0,1,2
1820,0.09,2.9,0,0,0,1
1821,-0.36,2.58,1,1,1,1
1822,0.46,3.34,1,0,4,2
1823,0.24,2.37,0,0,0,0
1824,0.09,3.1,0,2,0,2
1825,0.06,2.65,1,0,2,0
1826,-1.21,2.77,0,0,1,1
1827,0.53,2.98,3,0,5,0
1828,1.1,3.08,0,0,0,1
1829,1.09,2.47,1,0,1,1
1830,1.58,3.2,0,0,2,0
1831,-0.23,2.82,0,0,1,1
1832,0.95,2.8,1,1,1,3
1833,-0.62,3.04,0,1,0,1
1834,0.37,2.83,1,0,1,0
1835,-0.65,2.82,0,0,1,1
1836,0.06,2.06,0,0,2,1
1837,-0.56,2.5,0,0,1,1
1838,1.27,2.63,2,1,5,2
1839,0.46,2.7,0,0,0,0
1840,-1.57,3.04,0,0,0,1
1841,0.13,2.79,1,0,2,0
1842,0.63,2.24,0,0,1,0
1843,0.63,2.83,0,0,0,0
1844,-0.22,2.89,0,0,0,1
1845,0.28,2.12,2,1,3,1
1846,0.06,2.9,2,1,3,1
1847,0.94,2.69,3,0,4,1
1848,-0.09,2.41,1,2,2,2
1849,0.6,2.58,1,0,1,0
1850,0.41,2.19,0,1,1,2
1851,0.96,2.16,1,0,1,0
1852,0.93,2.81,1,0,2,0
1853,0.58,3.03,2,0,3,0
1854,0.81,2.89,0,0,3,0
1855,0.13,2.96,1,0,1,2
1856,-0.76,2.58,0,2,0,3
1857,0.5,2.89,1,0,2,0
1858,-1,2.75,0,0,0,1
1859,1.36,2.79,1,0,1,0
1860,-0.86,2.73,0,1,1,3
1861,-0.17,2.95,0,1,0,4
1862,-0.04,2.96,0,0,0,0
1863,0.11,2.73,1,0,1,0
1864,-0.12,2.69,0,0,1,0
1865,0.57,3,1,1,2,1
1866,0,2.29,0,1,1,2
1867,1.93,3.2,1,0,1,0
1868,0.47,2.72,0,0,0,0
1869,-1.2,2.92,0,0,1,1
1870,1.19,2.95,0,1,0,2
1871,-0.32,2.66,0,0,0,0
1872,0.25,2.67,2,0,3,1
1873,0.15,3.08,1,0,1,0
1874,1.63,3.08,2,0,4,0
1875,0.68,2.67,0,0,3,1
1876,-0.14,2.56,0,0,1,0
1877,1.35,2.86,1,0,2,0
1878,1.09,2.96,1,0,4,1
1879,-1.17,2.75,0,0,1,1
1880,-0.09,2.74,1,0,3,1
1881,-1.09,3.09,0,1,0,2
1882,-0.23,2.44,0,0,1,0
1883,0.38,2.64,0,3,1,3
1884,0.05,2.49,0,0,0,0
1885,0,2.66,2,1,3,2
1886,0.57,2.2,0,0,0,0
1887,-0.37,2.01,0,0,1,1
1888,0.34,2.92,1,0,2,0
1889,0,2.13,1,1,1,1
1890,0.12,2.32,0,0,1,0
1891,0.33,2.4,0,0,2,0
1892,0.23,2.24,1,0,4,0
1893,0.24,2.48,0,0,0,0
1894,0.79,2.08,0,0,1,0
1895,0.85,2.86,1,0,1,0
1896,0.42,2.39,1,0,1,0
1897,0.36,2.05,0,0,1,1
1898,0.07,2.61,0,0,1,4
1899,1.04,2.13,0,0,2,0
1900,0.36,2.25,0,0,0,0
1901,1.05,2.63,2,0,5,1
1902,1.23,3.08,1,0,4,0
1903,0.58,2.38,1,2,2,2
1904,0.51,2.77,1,0,3,1
1905,-0.12,3.04,0,1,1,2
1906,0.53,2.74,0,0,2,1
1907,0.46,2.47,2,0,2,0
1908,-0.01,2.25,0,0,0,0
1909,0.42,2.29,1,0,1,1
1910,0.27,3.16,2,0,2,2
1911,0.88,3.29,2,0,2,0
1912,0.67,2.7,0,0,0,2
1913,-1.23,2.88,0,1,0,2
1914,0.43,2.91,0,0,1,2
1915,0.79,3.27,1,0,3,1
1916,0.38,2.3,0,1,3,1
1917,-0.24,2.08,1,0,1,0
1918,-0.38,2.66,1,1,1,1
1919,0.17,2.42,1,0,2,2
1920,0.01,2.57,1,0,3,3
1921,0.12,2.7,0,3,1,3
1922,0.02,2.62,2,1,3,1
1923,-0.93,3.18,1,0,1,2
1924,0.33,2.41,0,0,0,0
1925,-0.77,2.56,1,1,1,1
1926,-0.43,2.56,1,1,1,2
1927,-1.56,2.59,0,0,0,2
1928,0.7,2.42,1,2,2,2
1929,0.01,2.16,1,0,2,0
1930,0.15,2.61,3,0,4,0
1931,1.09,3.25,2,1,3,1
1932,0.9,2.23,1,0,3,0
1933,0.96,2.86,1,0,1,0
1934,0.38,2.53,0,0,1,2
1935,-0.52,2.67,0,0,1,3
1936,0.79,3.19,1,1,3,1
1937,0.28,2.86,0,0,1,1
1938,-1.68,3.32,0,4,2,7
1939,0.25,2.56,0,1,1,1
1940,0.07,2.67,0,0,1,1
1941,0.57,2.57,2,0,2,1
1942,-0.45,3.19,1,1,3,1
1943,0.72,2.73,0,0,1,0
1944,1.17,3.04,1,0,3,1
1945,-0.81,2.74,0,0,2,2
1946,0.2,2.29,0,3,1,5
1947,0.16,2.77,2,0,2,1
1948,0.8,2.47,0,1,1,1
1949,-0.29,2.43,1,1,2,2
1950,-0.09,2.76,1,0,3,0
1951,-0.46,2.82,0,1,0,1
1952,-1.08,2.86,0,1,0,3
1953,0.54,2.94,0,0,0,0
1954,0.52,2.73,1,0,3,0
1955,-0.19,3.03,1,1,2,2
1956,-0.26,2.91,0,1,1,1
1957,0.64,2.2,0,0,0,0
1958,1.14,2.47,0,1,0,2
1959,-0.5,2.95,1,0,1,0
1960,-0.85,2.38,0,0,0,1
1961,0.11,2.8,1,1,2,2
1962,0.55,2.38,0,0,0,0
1963,-0.77,2.88,0,1,1,3
1964,0.2,2.78,0,1,2,2
1965,0.12,2.5,1,0,1,1
1966,0.18,2.54,0,0,2,0
1967,-0.28,2.33,1,0,3,2
1968,0.44,2.56,1,0,1,1
1969,0.1,2.66,0,0,2,1
1970,0.42,2.63,0,2,0,2
1971,0.35,2.68,0,0,2,0
1972,0.06,2.58,0,2,1,3
1973,0.27,2.62,0,0,0,0
1974,0.19,2.69,2,1,3,1
1975,0.32,2.32,1,0,1,0
1976,-0.4,2.38,0,0,0,1
1977,0.59,2.73,1,0,2,0
1978,0.08,2.7,1,1,1,4
1979,-0.94,2.92,0,0,0,0
1980,-1.16,2.62,0,2,1,2
1981,-0.27,2.05,1,1,2,2
1982,-0.06,2.6,0,0,0,0
1983,0.85,3.35,1,1,2,1
1984,1.11,3.24,3,0,7,0
1985,0.96,2.84,0,0,4,0
1986,1.97,3.07,1,0,1,0
1987,-0.77,2.61,0,2,1,4
1988,0.33,2.94,0,0,3,0
1989,1.06,2.79,0,1,0,1
1990,1.8,2.91,1,1,2,1
1991,0.07,2.25,0,1,0,1
1992,-0.31,2.8,1,1,2,2
1993,0.46,2.65,0,0,0,0
1994,1.18,2.91,4,0,6,0
1995,1.19,2.56,1,0,3,0
1996,0.34,2.65,2,0,2,0
1997,0.74,2.73,1,0,1,0
1998,0.45,2.58,0,1,1,1
1999,0.44,2.53,1,0,3,1
2000,1.13,2.52,0,0,0,2
2001,0.14,2.19,0,0,0,1
2002,1.29,2.77,2,0,3,0
2003,-0.33,2.51,1,0,1,0
2004,0.05,2.71,0,0,1,1
2005,0.4,3.24,0,0,2,0
2006,0.11,2.62,0,1,0,2
2007,-0.27,2.86,0,0,0,1
2008,0.5,2.71,0,0,1,0
2009,-0.65,2.69,1,1,1,1
2010,0.27,2.56,0,0,0,0
2011,0.61,2.74,1,0,3,0
2012,1.13,2.65,1,1,2,2
2013,0.59,2.22,1,0,1,1
2014,-0.35,2.65,0,0,1,1
2015,-0.14,2.41,0,2,0,2
2016,1.78,3.21,5,0,7,0
2017,1.23,3.26,0,0,4,1
2018,0.45,2.83,1,0,4,1
2019,-0.15,2.41,2,0,2,1
2020,0.38,2.69,2,0,3,3
2021,0.48,2.83,0,2,2,2
2022,1.38,2.81,0,1,1,1
2023,0.94,3.03,0,1,1,1
2024,0.03,2.38,3,0,3,0
2025,-0.93,3.33,0,0,1,2
2026,0.53,2.61,0,0,0,1
2027,-0.87,2.51,0,0,0,1
2028,1.91,2.86,2,0,3,0
2029,0.42,2.18,1,0,2,1
2030,1.45,2.8,0,0,1,0
2031,-1.15,2.92,0,1,0,4
2032,0.23,3.15,2,2,2,5
2033,1.14,2.11,2,0,4,0
2034,-0.11,2.32,0,1,1,2
2035,0.92,3.31,0,0,0,1
2036,0.32,2.48,4,0,5,0
2037,0.45,2.88,1,1,1,1
2038,1.22,3.19,1,0,3,1
2039,1.22,3.07,2,0,2,0
2040,0.02,2.47,1,0,1,0
2041,0.57,2.51,1,2,6,2
2042,0.02,2.49,0,0,0,1
2043,0.92,2.57,0,0,0,0
2044,-0.24,2.71,0,1,0,3
2045,-0.48,2.79,0,1,0,4
2046,0.11,2.74,0,2,0,2
2047,1.63,3.01,1,0,5,2
2048,0.63,3.25,0,0,0,0
2049,1.02,2.35,0,0,1,0
2050,1.87,2.75,0,0,0,1
2051,0.57,2.11,3,2,4,3
2052,-0.05,2.66,0,0,2,2
2053,-0.62,2.12,0,1,1,2
2054,1.93,3.25,2,1,3,2
2055,-0.66,2.8,0,1,0,1
2056,-0.86,3.02,0,3,0,4
2057,0.59,2.34,1,0,1,0
2058,0.31,2.86,0,0,0,1
2059,0.09,2.81,0,0,1,0
2060,-0.39,2.87,1,2,2,3
2061,0.59,2.64,0,0,2,0
2062,0.44,3.21,0,1,1,1
2063,0.43,2.34,0,0,2,0
2064,0.99,2.16,1,0,1,0
2065,0.54,2.3,1,1,1,2
2066,0.33,3.35,0,0,0,0
2067,0.25,3.05,2,0,3,0
2068,0.16,2.45,1,1,2,1
2069,0.32,2.68,1,0,2,0
2070,-0.72,2.71,1,1,2,2
2071,-1.86,3.08,0,1,1,3
2072,-0.1,2.54,1,0,1,0
2073,1.62,3.25,1,1,1,1
2074,-0.73,2.94,0,0,0,0
2075,0.15,3.18,1,1,2,2
2076,0.84,3.12,1,1,2,4
2077,0.44,2.11,1,1,1,1
2078,0.15,2.7,0,1,0,1
2079,1.22,3.08,0,1,0,2
2080,-1.24,3.08,1,1,2,1
2081,0.3,2.59,0,0,1,0
2082,-1.66,2.67,1,1,1,2
2083,1.26,2.8,1,0,2,1
2084,0.57,2.54,1,0,2,0
2085,0.57,2.92,0,0,0,2
2086,0.24,2.26,0,0,0,0
2087,0.33,2.49,2,0,2,0
2088,0.39,2.79,0,0,1,1
2089,0.39,2.96,1,0,1,2
2090,0.44,2.45,0,0,0,1
2091,0.34,3.13,1,1,2,2
2092,0.25,2.44,1,0,2,0
2093,0.08,2.62,0,1,1,3
2094,-0.68,3.21,1,0,1,0
2095,0.28,2.67,1,0,1,0
2096,0.94,2.53,0,1,2,3
2097,0.37,2.6,0,0,0,0
2098,-0.23,2.58,1,1,1,2
2099,0.18,2.84,0,2,1,2
2100,-0.03,2.83,0,1,1,2
2101,-0.2,2.6,1,1,3,2
2102,1.46,3.17,2,0,3,0
2103,-0.21,2.39,0,0,0,0
2104,1.19,2.31,0,0,1,1
2105,0.66,3.16,0,1,0,1
2106,0.33,2.76,0,0,0,2
2107,0.44,2.61,0,0,1,0
2108,-1.14,2.87,1,2,1,4
2109,0.34,2.13,1,0,2,1
2110,0.06,2.29,1,0,3,1
2111,1.2,2.9,2,0,4,0
2112,-0.45,2.35,1,1,2,2
2113,0.58,2.87,1,0,1,1
2114,0.53,2.29,1,0,1,1
2115,-0.07,3.31,2,2,4,2
2116,-0.77,2.5,1,1,2,3
2117,0.97,2.07,1,0,2,1
2118,-0.03,2.76,2,0,3,1
2119,0.3,2.46,1,1,2,1
2120,-0.66,2.71,0,0,0,0
2121,-0.09,3.03,0,0,0,1
2122,0.14,2.38,0,0,0,0
2123,-0.11,2.68,1,0,2,1
2124,0.72,2.41,1,0,1,0
2125,0.87,2.35,0,2,2,2
2126,0.33,2.81,2,1,2,1
2127,0.23,2.6,0,0,3,0
2128,0.3,2.15,0,0,0,0
2129,1.18,2.72,2,0,4,0
2130,0.96,2.71,1,1,2,1
2131,-0.76,2.24,0,1,0,2
2132,-0.31,3.08,0,0,0,3
2133,0.47,2.61,2,1,3,3
2134,-0.08,2.52,0,1,1,2
2135,1.5,2.8,0,0,1,1
2136,0.44,2.63,2,0,3,0
2137,0.16,2.29,0,0,4,0
2138,0.45,2.07,0,0,0,0
2139,1.71,3.02,1,1,1,1
2140,0.02,2.28,0,1,1,1
2141,-0.17,2.53,1,0,1,2
2142,0.5,2.24,2,1,4,1
2143,-0.77,2.46,1,1,2,3
2144,0.47,3.3,1,1,1,2
2145,0.13,2.42,0,1,0,1
2146,0.02,2.52,1,0,2,0
2147,1.01,2.83,0,0,0,0
2148,-0.68,2.8,0,1,0,1
2149,0.15,3,0,1,0,2
2150,0.66,3.17,1,1,3,2
2151,0.49,3.09,2,0,2,1
2152,0.48,2.51,1,1,1,1
2153,-1.41,3.38,0,1,0,2
2154,0.83,3.11,1,0,4,0
2155,0.42,2.42,1,1,1,1
2156,1.13,2.85,0,1,1,1
2157,0.87,2.53,1,1,1,2
2158,-0.77,2.19,0,2,0,2
2159,-0.41,3.33,0,0,1,1
2160,0.6,3.24,0,2,1,3
2161,0.3,2.6,0,0,1,1
2162,0.39,2.29,0,2,1,2
2163,0.52,2.53,0,0,0,1
2164,0.02,2.84,3,0,5,1
2165,0.73,2.38,1,0,2,0
2166,0.06,2.71,0,0,1,1
2167,-0.06,2.45,0,1,0,2
2168,0.05,2.8,0,4,1,5
2169,1.82,2.85,0,0,1,0
2170,0.11,3.21,0,0,0,1
2171,0.78,2.47,0,0,2,0
2172,-0.5,2.96,0,1,1,2
2173,1.34,3.32,1,0,2,2
2174,1.47,3.11,1,1,1,1
2175,0.13,2.55,0,0,0,1
2176,-0.45,2.32,1,1,2,1
2177,0.41,2.53,2,0,3,0
2178,-0.17,2.87,0,0,1,0
2179,-0.1,2.18,1,1,1,2
2180,1.43,2.77,1,0,3,1
2181,1.54,2.77,0,0,1,0
2182,1.22,3.12,1,1,2,1
2183,0.94,3.15,1,2,3,4
2184,0.19,2.56,1,0,2,0
2185,0.89,2.66,1,0,1,0
2186,-0.42,3.14,0,0,1,3
2187,0.56,2.64,0,0,2,0
2188,0.71,2.56,1,0,2,0
2189,1.27,3.2,0,1,3,1
2190,0.91,2.64,2,0,2,1
2191,1.12,2.77,1,0,4,2
2192,-0.39,3.37,0,1,0,2
2193,-0.01,2.44,1,1,2,2
2194,1.04,2.41,1,0,1,1
2195,0.36,2.15,0,0,0,1
2196,0,2.62,0,1,1,1
2197,0.34,2.25,2,1,3,1
2198,0.6,3,0,0,2,1
2199,0.13,2.57,0,0,3,0
2200,0.08,2.62,0,0,0,0
2201,-0.33,2.87,1,0,2,1
2202,-0.19,2.86,0,1,2,1
2203,-0.14,2.1,0,0,0,1
2204,1.7,2.39,1,1,2,1
2205,0.83,2.66,0,0,2,1
2206,-0.07,2.19,0,0,2,2
2207,0.6,2.41,0,0,0,0
2208,0.93,2.5,1,0,2,0
2209,1.71,3.22,1,0,1,0
2210,1.12,2.33,1,0,3,1
2211,-0.06,2.5,1,0,2,1
2212,0.22,2.57,2,0,4,2
2213,-0.43,2.65,0,1,0,2
2214,0.37,2.01,1,0,1,0
2215,-0.1,2.73,0,1,0,3
2216,0.48,2.41,1,0,4,0
2217,-0.72,2.88,0,1,1,2
2218,0.54,2.9,0,1,1,2
2219,0.13,2.17,2,1,3,1
2220,0.13,2.11,1,0,2,2
2221,-1,2.84,2,0,2,1
2222,-0.64,2.69,0,1,0,2
2223,0.05,2.69,1,0,1,0
2224,0.1,2.48,1,2,1,3
2225,-1.33,2.9,0,1,0,2
2226,0.41,2.33,2,1,3,3
2227,0.59,2.85,3,1,5,1
2228,1.22,2.62,1,1,3,3
2229,-0.11,2.74,0,0,1,0
2230,-0.14,2.48,0,0,2,2
2231,0.32,2.49,2,0,3,1
2232,0.28,2.34,2,1,4,2
2233,-0.23,2.34,0,2,1,2
2234,1.3,3.39,0,0,2,0
2235,-0.22,2.52,2,1,2,2
2236,-0.19,2.47,0,1,0,2
2237,-1.17,2.4,0,1,0,2
2238,0.87,2.83,0,0,2,0
2239,1.09,2.6,0,0,1,1
2240,-1.32,2.6,0,2,2,2
2241,-0.05,2.57,0,0,0,0
2242,0.29,2.9,0,1,0,2
2243,0.58,2.47,0,0,1,1
2244,0.52,2.35,2,1,6,1
2245,0.07,2.42,0,0,1,1
2246,-0.13,2.42,0,0,1,0
2247,1.17,2.58,2,1,3,1
2248,1.67,3.07,2,3,4,5
2249,1.06,3.09,1,0,2,1
2250,1.18,3.06,0,0,0,1
2251,0.6,2.55,1,0,1,0
2252,-0.15,2.64,1,0,2,0
2253,1.44,3.06,2,0,2,0
2254,0.52,2.41,1,0,1,0
2255,1.35,2.89,2,0,5,1
2256,0.16,2.41,1,0,1,1
2257,0.55,2.8,0,0,0,0
2258,1.01,3.16,0,1,2,2
2259,-0.73,2.26,0,1,0,4
2260,-0.25,2.52,0,1,0,2
2261,0.01,2.84,1,0,2,1
2262,-0.46,2.8,1,0,1,0
2263,0.1,2.4,0,0,2,1
2264,0.81,2.73,0,0,2,0
2265,0.89,3.02,2,1,2,1
2266,1.67,3.06,1,0,2,1
2267,0.31,2.69,2,0,6,0
2268,0.53,2.43,1,0,2,0
2269,-0.13,3.05,0,0,0,2
2270,0.7,2.88,1,1,2,2
2271,0.12,2.34,0,0,1,1
2272,-0.31,2.62,0,0,1,4
2273,1.02,2.35,0,0,1,0
2274,1.04,2.71,0,0,0,2
2275,1.53,2.5,0,0,3,0
2276,0.63,3.05,0,1,1,3
2277,-1.64,2.79,0,1,0,1
2278,1.37,3.16,0,0,1,0
2279,-0.01,2.67,1,1,2,1
2280,0.65,2.19,1,1,4,1
2281,0.36,2.21,1,1,1,1
2282,0.25,2.34,0,0,0,2
2283,0.99,2.71,1,0,2,0
2284,-0.53,2.21,1,1,1,1
2285,-0.3,2.89,0,1,0,4
2286,0.09,2.37,0,2,0,3
2287,-1.44,2.62,0,1,0,3
2288,0.42,2.27,1,0,3,0
2289,0.87,3.21,1,1,2,1
2290,0.67,2.43,1,0,1,1
2291,0.47,3.12,2,0,3,0
2292,-0.66,2.84,0,0,0,1
2293,-0.38,2.83,1,1,3,1
2294,0.6,2.32,0,0,2,2
2295,-0.87,3.11,1,1,1,2
2296,-1.77,3.06,0,0,0,0
2297,0.35,3.11,0,1,1,2
2298,0.63,2.85,1,0,1,0
2299,0.51,2.73,1,0,2,0
2300,0.64,2.45,0,0,1,0
2301,-0.93,2.87,1,0,1,1
2302,0.38,2.73,1,0,2,0
2303,0.86,2.67,1,0,2,0
2304,1.1,3.11,1,0,4,0
2305,1.24,2.95,0,0,0,1
2306,0.84,2.74,0,0,0,0
2307,0.53,3.35,2,2,2,2
2308,0.17,2.36,0,0,1,1
2309,-0.58,2.42,0,1,2,2
2310,0.27,2.07,0,0,1,1
2311,0.26,2.7,0,0,0,0
2312,1.38,2.91,0,0,1,2
2313,0.42,2.46,0,1,0,1
2314,-0.22,2.6,2,3,4,6
2315,-0.15,2.85,1,0,3,1
2316,-0.29,2.52,0,3,0,3
2317,0.96,2.98,0,0,3,0
2318,0.61,2.87,0,1,2,1
2319,0.08,2.82,1,1,2,1
2320,0.56,2.8,1,0,1,0
2321,-0.35,2.49,2,0,2,1
2322,0.45,2.37,1,3,5,4
2323,-0.68,2.16,0,1,1,1
2324,0.72,3.15,2,1,4,2
2325,0.85,2.69,2,1,2,2
2326,1.09,2.67,0,0,0,0
2327,0.94,2.53,1,0,2,0
2328,0.39,2.08,1,0,2,0
2329,-0.6,2.38,0,2,2,2
2330,-0.35,2.51,1,0,1,0
2331,0.26,2.81,2,0,2,0
2332,1.11,2.85,1,0,1,0
2333,0.58,2.76,0,1,0,1
2334,1.7,2.59,1,0,2,1
2335,-0.41,2.53,0,0,0,0
2336,-0.07,2.83,0,0,0,0
2337,0.54,2.29,0,0,0,0
2338,-0.91,3.04,0,0,0,0
2339,-0.12,3.02,1,1,2,2
2340,0.28,3.12,0,1,0,2
2341,0.79,2.74,0,0,0,0
2342,0.93,2.48,1,0,2,0
2343,0.12,2.54,1,0,2,0
2344,0.34,3.05,0,1,1,2
2345,-0.56,2.63,1,0,2,0
2346,-0.14,2.79,0,0,2,1
2347,-0.78,2.55,0,0,0,0
2348,0.42,3.07,0,0,0,0
2349,-1.44,3.14,0,1,2,4
2350,0.23,2.4,2,0,2,2
2351,0.7,2.3,0,0,0,0
2352,-0.04,2.99,0,0,2,0
2353,1.2,2.83,0,0,2,0
2354,1.07,2.25,0,1,1,2
2355,0.44,2.2,1,0,2,1
2356,1.73,3.36,0,0,1,0
2357,0.2,2.49,2,0,3,2
2358,0.53,2.44,0,0,1,1
2359,0.4,2.09,0,1,2,1
2360,0.09,2.38,0,1,0,1
2361,0.07,2.45,2,0,3,0
2362,0.26,2.38,0,0,1,1
2363,-0.36,2.3,0,0,1,1
2364,-1.66,2.62,0,3,0,3
2365,1.66,3.38,1,1,2,2
2366,0.82,2.95,1,0,1,1
2367,0.83,2.72,0,0,2,0
2368,1.89,3.35,3,0,3,0
2369,1.95,3.05,0,0,1,0
2370,-0.86,2.85,0,2,0,3
2371,0.68,3.02,2,1,2,1
2372,-1.1,2.3,0,1,1,2
2373,-0.61,2.89,2,0,2,0
2374,0.4,2.31,0,0,3,0
2375,0.47,2.55,1,0,1,0
2376,1.54,2.75,1,0,2,1
2377,1.32,2.84,2,1,3,1
2378,-0.04,2.67,0,0,2,1
2379,-0.12,2.79,1,0,3,1
2380,-0.62,2.5,0,3,0,3
2381,-0.6,2.68,0,0,0,0
2382,1.48,3.37,1,0,3,1
2383,-0.82,2.56,1,1,2,1
2384,-1.43,2.61,0,2,1,4
2385,-0.12,2.52,0,1,0,1
2386,0.57,3.29,1,0,1,1
2387,0.63,2.62,0,0,0,0
2388,0.53,2.7,0,1,0,1
2389,-0.01,3.02,0,1,1,1
2390,0.77,2.29,1,0,1,0
2391,-0.87,2.72,0,0,2,0
2392,-0.26,2.27,1,0,1,0
2393,0.24,3.24,0,0,0,0
2394,-0.27,2.77,1,1,2,1
2395,-0.3,2.58,0,0,0,2
2396,0.97,2.49,0,0,3,0
2397,-1.4,3.22,1,2,1,4
2398,0.75,2.6,0,0,3,1
2399,0.97,2.15,0,0,1,0
2400,0.56,2.41,2,0,2,1
2401,-0.79,2.8,1,2,1,3
2402,0.74,2.77,0,0,1,2
2403,-0.23,2.54,0,1,1,2
2404,1.77,2.79,2,1,3,1
2405,-0.6,3.05,1,1,1,4
2406,1.03,2.4,1,0,1,0
2407,1.34,2.71,1,0,1,0
2408,-0.09,2.77,0,1,3,1
2409,0.31,2.62,0,0,0,1
2410,0.64,2.46,0,1,1,1
2411,0.47,2.62,0,1,1,1
2412,-1.09,2.67,0,2,0,3
2413,0.22,2.65,1,1,2,1
2414,-0.26,2.81,1,1,2,3
2415,0.71,2.61,0,0,2,0
2416,0.79,2.39,1,0,1,0
2417,1.71,3.14,2,1,6,1
2418,0.12,2.38,0,0,0,6
2419,0.4,2.31,0,0,1,0
2420,0.17,2.72,0,1,0,1
2421,-0.16,2.82,1,0,1,1
2422,0.21,2.66,0,1,2,2
2423,0.35,2.49,0,0,0,0
2424,1.63,2.99,1,0,2,0
2425,0.69,2.59,1,2,2,2
2426,0.14,3.33,0,0,2,1
2427,0.57,2.7,0,1,1,4
2428,0.49,2.82,0,0,0,0
2429,0.1,2.45,1,0,1,1
2430,0.21,2.67,0,0,1,1
2431,0.71,2.59,2,0,3,0
2432,1.83,3.03,3,0,4,1
2433,1.03,3.01,0,0,1,0
2434,0.09,3.12,0,1,2,1
2435,-0.25,2.12,0,1,0,1
2436,0.82,2.83,1,0,2,1
2437,0.34,2.62,0,0,0,0
2438,0.26,2.26,0,0,0,0
2439,-1.07,2.79,0,0,0,0
2440,-0.03,3.26,0,1,0,1
2441,0.25,3.12,0,0,1,0
2442,-0.94,3.32,1,2,2,2
2443,0.21,2.68,1,0,2,1
2444,0.18,2.53,1,1,1,1
2445,0.78,2.77,1,0,2,0
2446,1.07,2.47,2,1,2,1
2447,-0.01,2.55,1,0,1,1
2448,0.17,2.77,1,0,1,2
2449,-0.18,2.7,1,1,1,2
2450,-1.35,2.78,0,0,1,1
2451,-0.93,2.95,0,0,0,1
2452,0.47,2.6,0,0,0,0
2453,1.1,2.8,0,1,3,4
2454,0.4,2.58,0,1,3,1
2455,0.56,2.26,1,1,2,3
2456,0.55,2.39,1,1,2,2
2457,1.05,2.77,0,0,1,0
2458,-0.93,3.39,0,0,0,2
2459,1.33,3.17,1,1,2,2
2460,0.94,2.32,1,0,3,0
2461,0.08,2.44,0,1,0,2
2462,0.23,2.27,0,0,0,0
2463,0.84,2.52,0,0,1,0
2464,-0.08,2.55,1,0,1,0
2465,0.06,3.03,1,0,1,1
2466,0.13,2.91,0,1,0,1
2467,-0.78,2.75,0,0,2,0
2468,1.62,2.83,0,0,2,0
2469,-0.01,2.6,1,0,1,0
2470,-0.46,2.65,1,0,3,0
2471,-0.31,2.85,2,2,2,3
2472,1.36,2.82,0,0,4,0
2473,0.43,2.42,0,2,2,3
2474,-0.73,2.4,0,1,2,1
2475,1.32,2.84,1,1,1,1
2476,1.24,2.98,0,1,1,2
2477,-0.02,2.39,0,0,1,0
2478,-1.35,3.39,0,0,0,2
2479,-0.45,2.47,1,0,1,1
2480,0.19,2.63,1,0,3,1
2481,1.16,2.94,2,0,5,1
2482,-0.52,3.17,0,1,0,2
2483,0.93,2.8,0,0,0,1
2484,0.12,2.41,0,0,0,0
2485,1.46,2.48,1,0,2,0
2486,1.47,2.91,0,0,2,1
2487,0.17,2.66,0,0,1,1
2488,1.84,3.38,0,0,5,1
2489,1.16,2.91,1,0,3,1
2490,0.4,2.55,2,0,4,0
2491,-1.79,3.11,0,1,0,1
2492,0.33,2.59,0,0,1,1
2493,-0.68,2.73,0,1,1,2
2494,-0.06,1.96,0,0,0,1
2495,1.64,3.22,4,0,6,0
2496,0.59,2.8,0,0,1,0
2497,0.89,2.65,0,0,0,0
2498,0.13,2.43,0,1,0,2
2499,0.96,2.63,0,2,1,3
2500,1.99,2.75,1,0,3,1
2501,1.46,2.72,2,0,4,2
2502,0.47,2.42,1,0,2,0
2503,0.66,3.17,0,0,2,0
2504,0.15,1.92,1,0,4,0
2505,0.75,2.66,0,0,0,2
2506,0.35,2.62,1,1,2,1
2507,0.47,2.42,0,1,2,3
2508,-0.39,2.48,1,2,2,5
2509,-0.24,2.61,1,1,1,1
2510,1.97,2.96,1,0,5,0
2511,0.64,2.5,0,1,2,2
2512,0.02,3.08,1,1,1,1
2513,0.84,2.5,0,0,0,0
2514,1.41,3.31,2,0,6,0
2515,0.53,2.75,1,0,1,1
2516,0.91,3.11,1,0,1,0
2517,0.48,2.36,1,0,3,1
2518,0.39,2.78,0,0,2,1
2519,-0.46,2.65,1,2,1,3
2520,0.94,2.99,1,0,4,0
2521,0.97,2.67,2,0,2,1
2522,-0.87,2.87,0,1,0,3
2523,-0.02,2.46,1,0,2,1
2524,1.67,3.06,0,0,0,0
2525,-0.17,2.57,0,0,0,2
2526,0.08,2.4,1,0,2,2
2527,0.95,2.94,0,0,0,0
2528,1.3,3.14,0,1,0,2
2529,1.26,3.08,1,1,2,1
2530,-0.1,2.7,1,0,2,0
2531,0.44,2.91,1,0,2,0
2532,0.24,2.71,0,0,2,1
2533,-0.04,2.64,0,0,4,0
2534,-0.41,2.42,1,1,1,3
2535,0.35,3.22,0,0,3,1
2536,-1.86,3.02,1,1,1,4
2537,1.11,2.77,0,0,1,2
2538,1.02,2.71,0,0,0,1
2539,-1.07,2.71,1,0,2,2
2540,0.64,2.47,0,0,1,1
2541,0.18,2.52,0,0,0,3
2542,0.47,3.21,0,0,1,2
2543,0.86,2.62,0,2,0,2
2544,1.02,3.08,1,2,3,3
2545,0.29,2.79,0,0,1,0
2546,-0.97,2.77,0,3,1,4
2547,1.16,2.76,2,0,3,0
2548,1.16,2.58,2,1,2,1
2549,0.1,3.21,2,0,4,2
2550,0.66,2.75,0,2,1,3
2551,0.39,2.2,0,0,0,0
2552,1.44,3.18,0,1,1,1
2553,0.12,2.49,0,0,0,0
2554,1.44,2.66,1,0,4,0
2555,-0.8,3.07,0,1,0,1
2556,1.91,2.96,0,0,1,0
2557,0.28,2.38,0,0,0,1
2558,0.18,2.62,1,0,2,2
2559,1.74,3.19,0,1,3,2
2560,-0.41,2.65,0,0,0,1
2561,-0.27,2.76,0,3,1,4
2562,0.6,2.62,2,0,2,0
2563,-1.22,3.31,0,3,0,5
2564,0.56,2.33,1,0,1,0
2565,-0.14,2.58,0,0,0,0
2566,1.4,2.49,0,0,0,0
2567,0.5,2.66,0,0,0,0
2568,1.75,2.99,1,0,1,0
2569,-0.15,2.23,0,1,1,2
2570,0.74,2.7,2,1,3,1
2571,0.39,2.65,0,1,1,1
2572,-0.15,2.93,2,2,3,3
2573,0.25,2.45,0,0,0,1
2574,0.78,2.64,1,0,2,1
2575,0.46,2.25,1,2,2,4
2576,0.34,2.46,0,0,0,0
2577,1.37,2.48,1,0,2,1
2578,-0.13,2.24,1,1,3,2
2579,-0.68,2.64,1,0,1,4
2580,0.35,2.73,0,1,0,3
2581,0.04,2.12,0,1,0,1
2582,1.25,3.21,1,1,2,1
2583,-1.22,2.73,0,2,2,2
2584,-0.41,2.72,0,0,0,1
2585,0.05,3.1,0,0,0,1
2586,0.96,2.49,0,0,0,0
2587,0.46,2.71,0,0,0,1
2588,-0.04,2.36,0,0,1,1
2589,-0.84,2.81,1,0,1,0
2590,0.42,2.96,0,0,0,0
2591,1.67,3.1,0,0,2,1
2592,0.85,2.3,0,0,2,0
2593,0.12,2.58,3,0,4,2
2594,1.96,3.07,1,0,4,0
2595,0.86,2.88,1,1,2,1
2596,1.48,3.23,2,0,4,2
2597,0.22,2.33,0,0,2,1
2598,0.9,2.35,1,1,2,2
2599,-0.79,3.13,1,0,1,0
2600,0.55,2.83,0,2,0,3
2601,0.66,2.72,2,0,4,0
2602,-0.23,2.7,0,0,0,1
2603,-2.11,3.28,0,2,0,3
2604,0.37,2.6,2,0,3,0
2605,-0.16,2.69,0,0,1,1
2606,0.89,2.4,1,2,3,4
2607,0.14,2.55,0,0,1,0
2608,0.76,2.97,0,2,1,3
2609,1.54,3.2,1,0,6,0
2610,0.31,2.48,1,0,1,0
2611,0.62,2.26,0,0,0,0
2612,-0.42,2.62,0,0,1,1
2613,-0.73,3.15,0,1,0,2
2614,-1.25,2.42,1,0,1,1
2615,-0.34,2.65,0,2,0,2
2616,1.3,2.93,0,1,1,2
2617,0.22,2.26,0,1,0,3
2618,1.93,2.97,2,0,3,0
2619,0.23,2.48,1,0,1,0
2620,0.64,2.92,0,0,2,3
2621,-0.79,2.72,0,0,0,0
2622,0.05,2.87,0,1,0,1
2623,1.26,3.05,1,1,1,2
2624,1.97,3.24,2,0,5,0
2625,0.35,2.64,0,0,0,0
2626,0.81,3.11,1,0,3,0
2627,0.54,2.36,0,0,0,0
2628,0.9,2.4,1,1,1,1
2629,-1.55,3.02,0,1,1,1
2630,1.47,3.3,0,0,2,0
2631,0.52,2.74,0,1,0,1
2632,0.79,2.86,0,0,1,0
2633,-1.46,3.24,0,0,1,0
2634,0.52,2.28,0,1,2,2
2635,0.82,2.92,1,2,4,2
2636,0.47,3.14,1,1,3,1
2637,1.83,3.35,1,0,4,0
2638,0.7,2.68,1,0,3,1
2639,0,2.46,2,2,2,2
2640,-0.05,3.09,1,1,1,1
2641,0.4,2.27,1,1,1,2
2642,-0.79,2.42,1,0,1,1
2643,0.28,2.26,0,0,1,0
2644,0.35,2.86,1,0,1,0
2645,1.1,2.5,0,0,2,1
2646,0.84,2.79,1,0,1,0
2647,1.67,2.85,0,0,1,0
2648,0.34,2.41,0,1,2,2
2649,0.83,3.1,0,1,0,2
2650,0.43,2.45,2,1,3,1
2651,-0.04,3.03,0,2,0,2
2652,0.71,3.18,1,2,1,3
2653,0.97,2.72,2,0,4,0
2654,-0.14,2.93,1,1,1,2
2655,-0.79,2.46,0,0,0,0
2656,0.98,2.94,0,1,1,1
2657,0.5,3.08,0,1,1,2
2658,1.7,3.11,1,0,4,0
2659,0.78,3.01,0,1,1,3
2660,0.49,2.54,1,0,2,0
2661,0.67,2.87,1,1,2,1
2662,0.44,2.48,0,1,2,2
2663,-0.56,2.63,0,1,0,1
2664,-0.73,2.75,0,3,0,5
2665,-0.92,2.26,0,0,1,0
2666,-0.32,2.42,0,0,1,1
2667,1.56,3.2,0,0,1,0
2668,1.14,2.87,1,0,2,2
2669,1.7,2.92,1,0,3,0
2670,-1.02,2.51,1,1,1,1
2671,-0.5,2.59,1,0,3,1
2672,0.07,2.58,1,1,3,1
2673,0.35,2.67,1,0,4,0
2674,1.75,3.13,0,1,1,1
2675,-0.01,2.36,0,0,0,0
2676,-0.08,2.48,1,2,1,3
2677,1.77,3.25,0,0,0,0
2678,0.67,2.4,0,1,0,1
2679,-0.46,2.67,1,0,1,1
2680,0.2,2.56,1,0,2,0
2681,0.03,2.06,1,1,1,1
2682,1.13,3.11,2,1,4,1
2683,-0.9,2.59,0,2,1,2
2684,0.95,2.74,2,3,3,3
2685,0.69,2.4,0,0,0,1
2686,0.59,2.46,0,1,0,1
2687,0.31,2.88,2,0,2,0
2688,1.02,2.54,0,0,0,1
2689,-0.35,2.58,1,0,1,1
2690,0.1,2.63,0,0,1,0
2691,-0.31,2.65,0,1,0,1
2692,0.39,2.42,0,0,0,3
2693,-0.19,2.81,0,0,0,0
2694,-0.6,3.21,2,0,3,2
2695,-0.02,2.29,1,0,2,0
2696,0.29,2.87,0,0,0,0
2697,1.44,3.11,2,0,2,0
2698,0.81,2.8,0,0,0,2
2699,0.16,2.99,1,1,2,1
2700,1.18,2.54,0,0,1,0
2701,1.77,3.16,1,0,5,1
2702,-0.63,2.5,0,0,0,1
2703,0.14,2.52,1,0,2,0
2704,0.57,2.84,0,1,0,1
2705,0.08,2.23,0,0,2,1
2706,-1.78,2.96,0,0,0,4
2707,0.14,2.73,0,1,1,1
2708,0.44,3.04,1,1,2,1
2709,0.15,2.47,0,0,2,0
2710,-0.87,2.23,0,0,0,2
2711,0.45,2.35,1,0,1,1
2712,-0.35,2.21,0,2,0,2
2713,0.41,2.66,0,1,0,1
2714,1.22,2.6,1,0,2,2
2715,0.38,2.36,0,1,0,2
2716,0.07,2.97,1,0,1,1
2717,1.13,2.42,1,1,1,1
2718,0.95,3.01,5,0,7,0
2719,0.49,3.1,2,2,2,2
2720,0.63,2.88,0,0,0,1
2721,-0.52,2.1,0,0,1,0
2722,0.33,2.41,1,0,1,0
2723,-0.65,2.36,0,0,0,1
2724,0.99,2.74,1,1,3,1
2725,0.19,2.42,0,2,2,2
2726,0.09,2.57,0,0,0,0
2727,0.08,3,0,1,0,2
2728,1.54,3.14,1,0,4,1
2729,1.36,2.85,0,0,2,0
2730,0.2,3.14,0,0,1,2
2731,-1.32,2.59,0,2,0,3
2732,0.4,2.46,2,0,2,0
2733,0.56,2.72,1,0,2,1
2734,0.8,2.41,1,0,1,0
2735,0.18,2.21,2,2,2,2
2736,1.57,2.5,2,0,3,0
2737,1.68,2.77,1,0,2,0
2738,0.27,3.01,1,0,1,0
2739,0.87,2.9,1,1,2,1
2740,-1.31,2.88,0,1,0,4
2741,0.51,2.75,0,0,1,0
2742,0.37,2.55,0,0,1,0
2743,1.04,3.21,1,1,2,1
2744,-0.82,2.33,0,0,0,0
2745,0.41,2.88,1,1,2,4
2746,-0.67,2.79,2,1,2,1
2747,0.66,3.05,1,0,4,0
2748,-0.34,2.42,0,2,1,2
2749,1.48,3.16,3,0,4,2
2750,1.09,2.92,0,3,1,4
2751,1.16,3.26,0,0,2,1
2752,0.39,2.49,1,1,2,2
2753,0.83,2.77,1,1,1,1
2754,0.35,2.46,0,2,1,3
2755,0.73,2.37,1,0,2,1
2756,0.14,2.61,0,0,0,1
2757,-0.39,2.54,0,1,0,3
2758,0.73,2.8,0,1,4,3
2759,1.8,2.9,2,0,2,0
2760,0.26,2.35,1,2,1,4
2761,0.57,2.53,2,0,3,0
2762,0.98,2.5,1,0,3,3
2763,0.97,3,1,1,2,2
2764,0.05,2.85,2,0,2,0
2765,-0.84,2.43,0,0,0,1
2766,1.24,3.15,1,0,2,1
2767,0.42,2.53,2,0,2,0
2768,0.89,2.63,2,0,3,1
2769,0.46,2.91,1,0,1,0
2770,-0.42,2.4,0,0,1,1
2771,0.52,2.63,0,0,0,0
2772,0.28,2.38,0,3,2,3
2773,0.72,2.42,2,0,2,0
2774,0.41,3,1,2,2,3
2775,0.55,2.43,0,0,0,0
2776,0.19,2.65,0,1,1,3
2777,1.22,3.02,0,0,2,0
2778,0.29,2.79,2,0,2,0
2779,1.1,2.47,0,1,1,2
2780,0.29,3.04,1,0,5,1
2781,-0.56,2.44,0,1,0,3
2782,-0.05,2.58,1,1,2,1
2783,-0.25,2.84,0,1,0,1
2784,-0.11,2.9,0,2,1,4
2785,0.94,2.59,0,0,1,1
2786,0.06,2.75,0,0,0,0
2787,-0.31,2.53,1,0,1,2
2788,0.72,3.02,1,0,2,0
2789,0.52,2.77,0,1,1,1
2790,0.25,2.42,0,0,0,0
2791,-1.23,2.75,0,1,0,2
2792,1.09,2.87,0,2,1,2
2793,0,2.62,1,1,1,2
2794,-0.87,2.57,2,2,4,2
2795,1.45,2.79,3,1,5,3
2796,0.98,3.21,2,0,3,0
2797,-0.7,3.25,1,2,1,3
2798,-0.01,2.62,1,2,1,2
2799,0.75,2.85,3,0,3,0
2800,0.12,2.51,3,0,3,0
2801,-0.28,2.13,0,0,0,0
2802,-0.1,2.97,1,2,1,3
2803,0.88,2.77,1,1,4,1
2804,-0.13,2.78,1,1,2,1
2805,0.42,2.48,0,1,0,3
2806,1.14,2.58,1,0,1,0
2807,-0.26,2.95,1,0,2,0
2808,1.14,2.58,1,0,6,0
2809,-0.7,2.8,0,1,0,2
2810,-0.1,2.52,0,0,2,0
2811,-0.08,2.36,0,0,0,1
2812,-0.01,2.87,0,0,2,2
2813,0.22,2.46,0,0,1,1
2814,1.18,2.72,1,0,1,1
2815,-0.03,2.72,0,0,0,1
2816,0.7,3.16,1,1,2,2
2817,0.48,2.45,0,2,0,3
2818,0.12,2.56,0,0,2,1
2819,0.39,2.59,0,0,0,0
2820,-0.33,2.81,0,0,0,0
2821,0.9,2.77,1,0,2,0
2822,0.32,2.41,0,0,0,0
2823,0.75,3.26,2,0,3,0
2824,-0.82,2.8,0,1,0,1
2825,1.19,2.63,1,0,1,0
2826,0.23,3.38,0,0,0,0
2827,0.59,2.29,0,0,1,0
2828,1.38,3.09,0,0,1,0
2829,0.46,2.69,0,2,1,3
2830,-0.12,2.39,0,1,0,1
2831,-0.04,2.55,0,1,1,1
2832,-0.37,2.54,1,0,2,0
2833,-0.43,2.33,0,0,0,0
2834,0.69,3.05,1,0,1,0
2835,0.17,3.34,0,1,0,3
2836,-0.26,2.77,0,2,0,2
2837,0.48,2.6,2,0,4,0
2838,0.49,2.36,1,2,1,3
2839,0.86,2.51,0,0,0,2
2840,1.68,2.97,1,1,2,1
2841,0.75,2.91,1,1,2,1
2842,0.74,2.55,0,0,0,0
2843,0,2.51,0,1,0,2
2844,-0.16,2.99,0,0,0,1
2845,0.16,3.01,0,3,0,6
2846,-0.45,2.59,1,1,2,1
2847,-0.04,2.69,1,1,2,1
2848,1.27,3.08,0,0,2,0
2849,0.44,2.61,0,0,0,0
2850,-0.8,2.97,0,3,3,4
2851,1.26,3.07,0,0,1,0
2852,0.07,3.07,1,0,2,0
2853,0.12,2.34,0,0,1,1
2854,-0.67,2.15,1,1,1,1
2855,0.81,2.38,0,0,1,0
2856,0.47,2.5,0,1,1,1
2857,1.29,2.68,0,0,1,0
2858,-0.31,2.43,0,2,1,2
2859,0.17,2.37,0,0,2,0
2860,0.28,2.53,0,1,0,1
2861,-0.01,2.12,1,0,1,1
2862,0.78,3.29,2,0,8,0
2863,-0.58,3.27,2,0,2,0
2864,-0.61,2.38,2,1,3,2
2865,-0.13,2.54,0,1,0,2
2866,0.36,3.07,0,1,1,1
2867,-0.97,3.1,0,4,0,4
2868,0.55,3.19,0,0,0,0
2869,0.59,2.11,0,0,0,0
2870,0.94,3.1,0,0,1,1
2871,0.81,2.35,1,0,4,1
2872,0.52,2.59,0,2,1,2
2873,-0.11,2.68,1,0,1,0
2874,-0.13,2.12,0,1,0,1
2875,-0.21,2.37,0,0,0,2
2876,0.24,2.4,0,0,1,0
2877,0.4,2.74,0,0,0,1
2878,0.55,2.33,0,1,0,1
2879,0.05,2.87,2,0,3,2
2880,1.58,2.73,2,1,3,2
2881,0.43,3.02,1,0,4,0
2882,0.32,1.94,0,0,0,0
2883,0.63,2.98,1,0,3,1
2884,1.4,2.74,1,0,1,0
2885,1.65,3.04,1,0,2,0
2886,0.16,2.59,0,0,0,2
2887,0.66,2.48,2,1,2,1
2888,-0.14,2.44,1,1,1,2
2889,1.11,2.65,1,1,2,1
2890,1.09,3.21,0,2,1,2
2891,-0.09,2.63,1,0,2,1
2892,0.76,2.92,1,0,1,0
2893,0.7,3.3,0,1,1,1
2894,0.99,3.12,0,0,1,0
2895,0.19,2.55,0,0,0,1
2896,-0.46,2.48,0,1,1,2
2897,0.74,2.53,0,0,2,0
2898,0.33,3,2,0,3,1
2899,-0.25,3.06,2,1,2,2
2900,-0.48,2.54,0,0,1,0
2901,1.44,2.57,0,0,1,0
2902,-0.11,3.28,0,2,0,2
2903,0.68,2.64,0,1,0,1
2904,0.67,2.8,1,0,2,2
2905,0.97,3.05,0,0,2,0
2906,-0.13,2.44,0,0,0,0
2907,-0.51,2.47,0,0,0,1
2908,1.33,2.66,3,1,3,1
2909,-0.35,2.97,0,0,1,0
2910,0.08,2.62,0,0,1,0
2911,-0.18,2.74,1,0,2,2
2912,0.93,2.75,0,0,3,0
2913,0.14,2.68,0,2,0,3
2914,0.33,2.4,0,0,1,0
2915,1.44,2.88,1,1,4,2
2916,-0.13,2.75,0,0,2,2
2917,0,2.75,1,0,2,2
2918,-0.41,2.98,0,0,0,0
2919,0.58,2.62,1,0,3,0
2920,0.35,2.57,0,0,0,1
2921,-0.06,2.25,0,1,0,1
2922,0.7,2.98,0,0,1,1
2923,0.57,2.45,2,2,2,3
2924,-1.23,2.55,0,2,1,3
2925,-1.19,3.03,0,0,0,2
2926,-0.01,2.3,0,0,0,0
2927,-0.11,2.85,0,0,2,0
2928,0.14,2.68,0,1,1,1
2929,0.4,2.64,0,0,0,0
2930,1.1,3.35,3,2,5,3
2931,0.16,2.71,0,0,2,1
2932,-1.37,2.36,0,1,0,1
2933,-0.08,2.42,0,1,2,1
2934,1.68,3.11,4,0,4,0
2935,-0.56,2.59,0,1,1,2
2936,0.48,2.22,1,0,2,0
2937,-1.34,2.62,0,0,1,0
2938,-1.55,3.01,0,0,0,0
2939,0.52,2.62,2,0,2,0
2940,0.53,2.43,2,0,2,1
2941,0.3,2.3,0,1,0,1
2942,-1.12,3.01,1,0,2,2
2943,0.17,2.48,0,0,1,1
2944,1.08,2.05,0,0,1,0
2945,1.21,2.94,1,0,1,1
2946,0.68,3.01,0,1,2,1
2947,0.93,2.34,0,0,2,1
2948,0.11,3.01,1,0,1,0
2949,-0.34,2.58,1,2,2,3
2950,0.65,2.68,0,0,1,0
2951,-1,2.77,0,2,0,4
2952,0.42,2.89,1,0,4,1
2953,0.38,2.58,0,0,0,1
2954,-0.06,2.7,0,1,0,1
2955,1.13,2.79,0,0,1,1
2956,0.32,3.15,0,1,1,1
2957,0.13,2.93,1,2,2,2
2958,1.22,3.25,2,0,2,0
2959,-0.5,3.17,1,2,2,3
2960,1.19,2.32,1,0,2,0
2961,0.31,2.69,1,0,1,2
2962,0.58,2.74,1,0,2,1
2963,-0.7,2.26,0,1,0,1
2964,0.45,3.27,3,1,3,1
2965,1.14,2.59,0,0,1,2
2966,-0.49,3.17,1,2,1,3
2967,0.63,3.16,0,0,3,0
2968,0.47,2.21,2,0,2,1
2969,-0.35,2.92,0,0,0,0
2970,-0.18,2.81,0,0,1,0
2971,-1.06,2.6,1,0,1,0
2972,0.67,2.37,2,1,4,2
2973,0.21,2.59,1,1,3,4
2974,0.69,2.64,0,1,0,4
2975,0.11,2.31,0,0,0,1
2976,0.73,2.81,1,0,2,0
2977,1.06,2.71,1,0,3,1
2978,0.82,2.85,1,0,2,0
2979,0.21,2.81,2,1,3,2
2980,0.99,3.05,1,0,1,0
2981,1.09,2.68,0,0,2,0
2982,1.19,2.63,1,0,1,0
2983,0.45,2.31,0,0,1,1
2984,0.46,2.86,0,1,0,3
2985,0.05,2.91,0,0,0,0
2986,0.13,2.26,1,0,1,0
2987,-0.96,2.83,0,1,0,2
2988,0.87,2.8,0,0,3,2
2989,0.13,2.78,1,0,1,1
2990,0.57,2.69,2,2,3,4
2991,0.34,2.76,1,1,1,1
2992,-1.31,2.9,0,0,0,2
2993,0.75,2.35,1,0,2,0
2994,0.28,2.21,0,1,1,1
2995,1.36,3.08,1,0,1,1
2996,0.45,2.53,0,0,0,0
2997,0.43,2.6,0,0,2,1
2998,1.18,2.61,1,0,1,1
2999,-1.64,3.09,0,1,1,1
